Vocabulario;Tuplas;Etiquetas;Repeticiones;rdf:Property;rdf:rest;rdf:first;rdf:value;rdf:Seq;rdf:List;rdf:subject;rdf:object;rdf:predicate;rdf:Statement;rdf:Bag;rdf:type;rdfs:label;rdfs:comment;rdfs:subClassOf;rdfs:seeAlso;rdfs:range;rdfs:subPropertyOf;rdfs:isDefinedBy;rdfs:domain;rdfs:Class;rdfs:Datatype;rdfs:Resource;rdfs:ContainerMembershipProperty;owl:sameAs;owl:Ontology;owl:Class;owl:DatatypeProperty;owl:ObjectProperty;owl:Thing;owl:versionInfo;owl:AnnotationProperty;owl:inverseOf;owl:equivalentClass;owl:onProperty;owl:Restriction;owl:FunctionalProperty;owl:SymmetricProperty;owl:disjointWith;owl:unionOf;owl:TransitiveProperty;owl:NamedIndividual;owl:allValuesFrom;owl:equivalentProperty;owl:cardinality;owl:someValuesFrom;owl:InverseFunctionalProperty;owl:maxCardinality;owl:hasValue;owl:minCardinality;owl:intersectionOf;owl:oneOf;owl:distinctMembers;owl:AllDifferent;owl:onClass;owl:deprecated;owl:differentFrom;owl:AsymmetricProperty;owl:qualifiedCardinality;owl:minQualifiedCardinality;owl:IrreflexiveProperty;owl:complementOf;owl:annotatedTarget;owl:DeprecatedProperty;owl:DeprecatedClass;owl:AllDisjointClasses;owl:members;owl:ReflexiveProperty;owl:onDatatype;owl:withRestrictions;owl:priorVersion;owl:DataRange;owl:disjointUnionOf;owl:hasSelf;owl:onDataRange;owl:propertyDisjointWith;owl:maxQualifiedCardinality;owl:propertyChainAxiom;
a-loc;1692;28;1827;0;6;6;0;0;0;0;0;0;0;0;254;260;261;78;0;82;42;128;82;0;1;0;0;0;1;50;18;81;14;260;7;34;0;42;42;4;0;2;0;0;25;15;0;0;27;0;0;0;0;0;0;0;0;0;3;0;0;0;0;0;0;0;0;0;0;0;0;0;0;0;0;0;0;0;0;0;2;
ac;169;3;4;0;0;0;0;0;0;0;0;0;0;0;2;1;1;0;0;0;0;0;0;0;0;0;0;0;0;0;0;0;0;0;0;0;0;0;0;0;0;0;0;0;0;0;0;0;0;0;0;0;0;0;0;0;0;0;0;0;0;0;0;0;0;0;0;0;0;0;0;0;0;0;0;0;0;0;0;0;0;
acco;484;18;552;0;58;58;0;0;0;0;0;0;0;0;85;53;53;23;0;26;19;52;32;0;0;0;0;0;1;34;13;19;6;1;7;0;0;0;0;0;0;0;12;0;0;0;0;0;0;0;0;0;0;0;0;0;0;0;0;0;0;0;0;0;0;0;0;0;0;0;0;0;0;0;0;0;0;0;0;0;0;
acl;92;10;112;12;0;0;0;0;0;0;0;0;0;0;20;19;20;6;3;10;1;0;10;11;0;0;0;0;0;0;0;0;0;0;0;0;0;0;0;0;0;0;0;0;0;0;0;0;0;0;0;0;0;0;0;0;0;0;0;0;0;0;0;0;0;0;0;0;0;0;0;0;0;0;0;0;0;0;0;0;0;
acrt;106;13;74;0;0;0;0;0;0;0;0;0;0;0;12;8;9;0;8;5;0;9;6;0;0;0;0;0;1;1;0;7;0;0;0;6;0;0;0;1;0;0;0;0;0;0;0;0;0;1;0;0;0;0;0;0;0;0;0;0;0;0;0;0;0;0;0;0;0;0;0;0;0;0;0;0;0;0;0;0;0;
adms;142;14;148;0;0;0;0;0;0;0;0;0;0;0;24;20;19;0;0;14;3;18;14;0;0;15;0;0;1;4;3;11;0;0;0;0;0;0;0;0;0;0;0;0;0;0;1;0;0;0;0;0;0;0;0;0;0;0;1;0;0;0;0;0;0;0;0;0;0;0;0;0;0;0;0;0;0;0;0;0;0;
af;375;20;370;6;0;0;1;0;0;0;0;0;0;0;80;60;63;45;0;12;11;0;15;0;0;0;0;0;1;46;9;7;5;1;1;0;1;2;2;0;0;0;0;0;0;0;0;0;2;0;0;0;0;0;0;0;0;0;0;0;0;0;0;0;0;0;0;0;0;0;0;0;0;0;0;0;0;0;0;0;0;
agrelon;1505;26;1546;83;2;2;0;0;0;0;0;0;0;0;267;525;133;47;69;1;72;131;2;48;0;0;0;2;1;48;4;55;0;1;1;22;0;0;0;0;22;0;0;1;0;0;5;0;0;0;0;0;0;0;0;0;0;0;0;0;0;0;0;0;0;0;0;0;0;0;0;0;0;1;0;0;0;0;0;0;1;
amlo-core;1239;35;1412;0;12;12;0;0;0;0;0;0;0;0;347;154;155;156;6;11;17;4;17;0;3;0;0;0;1;107;27;20;0;1;11;0;2;70;70;9;0;2;5;0;50;0;0;2;9;0;3;0;0;0;0;0;0;40;13;0;0;46;0;0;0;0;0;0;0;0;0;1;1;0;0;0;0;16;0;12;0;
ao;115;16;112;11;0;0;0;0;0;0;0;0;0;0;19;16;14;2;0;2;12;14;6;0;0;0;0;0;1;1;0;6;4;1;0;2;0;0;0;0;0;0;0;0;0;0;1;0;0;0;0;0;0;0;0;0;0;0;0;0;0;0;0;0;0;0;0;0;0;0;0;0;0;0;0;0;0;0;0;0;0;
aos;1827;16;1174;0;0;0;117;5;0;0;0;0;0;0;390;376;17;19;0;49;37;0;49;0;0;0;0;5;1;39;0;47;0;1;0;0;8;0;0;0;0;14;0;0;0;0;0;0;0;0;0;0;0;0;0;0;0;0;0;0;0;0;0;0;0;0;0;0;0;0;0;0;0;0;0;0;0;0;0;0;0;
arco;727;24;823;0;0;0;0;0;0;0;0;0;0;0;100;118;118;27;0;46;18;58;46;0;0;0;0;0;1;31;6;45;46;112;10;20;4;4;4;1;0;2;0;2;0;2;0;0;2;0;0;0;0;0;0;0;0;0;0;0;0;0;0;0;0;0;0;0;0;0;0;0;0;0;0;0;0;0;0;0;0;
arp;1613;27;2100;0;29;29;0;0;0;0;0;0;0;0;491;315;35;97;0;231;16;0;231;0;0;0;0;0;1;113;127;105;3;1;1;28;0;3;3;0;1;2;14;0;0;0;0;0;0;0;0;0;0;0;0;0;0;3;0;0;71;3;0;69;0;0;0;0;0;0;0;0;0;0;0;0;0;0;78;0;0;
atd;777;26;941;2;65;65;0;0;0;0;0;0;0;0;169;92;93;59;1;71;2;0;72;0;14;0;0;0;1;21;51;15;1;1;0;4;0;34;34;26;0;0;0;0;0;24;0;7;0;0;3;0;0;0;14;0;0;0;0;0;0;0;0;0;0;0;0;0;0;0;0;0;0;0;0;0;0;0;0;0;0;
atm;1272;22;1586;0;89;89;0;0;0;0;0;0;0;0;307;162;165;103;0;116;0;0;116;0;17;0;0;0;1;54;53;63;8;1;0;0;0;50;50;69;0;0;6;0;0;38;0;12;0;0;0;0;0;0;17;0;0;0;0;0;0;0;0;0;0;0;0;0;0;0;0;0;0;0;0;0;0;0;0;0;0;
atts;206;20;265;0;2;2;0;0;0;0;0;0;0;0;53;32;38;22;0;21;2;0;22;0;0;0;0;0;1;17;15;7;6;1;0;0;0;5;5;8;0;0;1;0;0;5;0;0;0;0;0;0;0;0;0;0;0;0;0;0;0;0;0;0;0;0;0;0;0;0;0;0;0;0;0;0;0;0;0;0;0;
aws;989;13;1175;0;0;0;0;0;0;0;0;0;0;0;258;94;55;231;2;0;0;1;0;0;0;0;0;0;1;104;0;1;0;0;14;0;0;138;138;0;0;0;0;0;0;0;0;0;138;0;0;0;0;0;0;0;0;0;0;0;0;0;0;0;0;0;0;0;0;0;0;0;0;0;0;0;0;0;0;0;0;
bag;3708;12;1000;54;4;4;0;0;0;0;0;0;0;0;307;318;166;21;0;0;0;20;0;0;0;0;0;0;9;43;38;16;0;0;0;0;0;0;0;0;0;0;0;0;0;0;0;0;0;0;0;0;0;0;0;0;0;0;0;0;0;0;0;0;0;0;0;0;0;0;0;0;0;0;0;0;0;0;0;0;0;
bcom;524;19;517;0;9;9;0;0;0;0;0;0;0;0;74;66;67;12;0;58;0;66;58;0;2;0;0;0;1;10;42;16;6;1;0;16;0;0;0;0;0;0;2;0;0;0;0;0;0;0;0;0;0;0;2;0;0;0;0;0;0;0;0;0;0;0;0;0;0;0;0;0;0;0;0;0;0;0;0;0;0;
bevon;1656;21;793;0;0;0;13;0;0;0;0;0;0;7;210;12;47;115;74;26;18;93;27;0;0;0;0;17;1;66;8;18;0;1;0;2;0;0;0;0;1;8;0;0;29;0;0;0;0;0;0;0;0;0;0;0;0;0;0;0;0;0;0;0;0;0;0;0;0;0;0;0;0;0;0;0;0;0;0;0;0;
bibo;1224;33;1352;0;50;50;2;4;4;0;0;0;0;0;281;115;118;77;2;66;46;109;66;0;0;5;0;0;1;95;55;53;15;1;12;2;3;23;23;0;0;0;25;0;14;13;10;0;0;0;1;0;9;0;0;0;0;0;2;0;0;0;0;0;0;0;0;0;0;0;0;0;0;0;0;0;0;0;0;0;0;
bibtex;455;16;546;0;0;0;0;0;0;0;0;0;0;0;106;56;56;55;0;39;4;0;40;0;0;0;0;0;1;15;40;0;0;1;9;0;1;41;41;0;0;0;0;0;0;0;0;0;0;0;0;0;41;0;0;0;0;0;0;0;0;0;0;0;0;0;0;0;0;0;0;0;0;0;0;0;0;0;0;0;0;
biopax;1617;29;1954;0;102;102;0;0;28;0;0;0;0;0;337;0;163;122;0;96;10;0;94;0;0;0;0;0;1;92;41;55;0;0;0;1;0;56;56;50;1;446;24;2;0;37;0;10;0;3;2;2;5;0;8;0;0;0;0;0;0;0;0;0;0;0;0;0;0;0;0;0;0;0;8;0;0;0;0;0;0;
biotop;3949;32;4592;0;516;516;0;0;0;0;0;0;0;0;886;353;95;365;5;22;17;0;22;0;0;0;0;0;1;530;1;27;1;3;16;6;74;276;276;0;7;39;67;4;0;50;0;0;226;0;0;0;0;116;0;0;0;0;0;0;0;0;0;0;14;0;0;0;24;24;0;0;0;13;0;0;0;0;0;0;0;
biro;124;21;149;0;4;4;0;0;0;0;0;0;0;0;36;9;11;18;0;2;2;0;2;0;0;0;0;0;1;12;0;6;0;2;8;1;0;9;9;0;0;0;2;0;0;9;0;0;0;0;0;0;0;0;0;0;0;0;0;0;0;0;0;0;1;0;0;0;0;0;0;0;0;1;0;0;0;0;0;0;0;
bot;90;13;79;0;0;0;0;0;0;0;0;0;0;0;12;10;11;2;0;8;0;10;8;0;0;3;0;0;1;3;0;8;2;1;0;0;0;0;0;0;0;0;0;0;0;0;0;0;0;0;0;0;0;0;0;0;0;0;0;0;0;0;0;0;0;0;0;0;0;0;0;0;0;0;0;0;0;0;0;0;0;
brk;554;9;208;0;0;0;0;0;0;0;0;0;0;0;62;61;28;7;0;0;0;6;0;0;0;0;0;0;6;11;26;1;0;0;0;0;0;0;0;0;0;0;0;0;0;0;0;0;0;0;0;0;0;0;0;0;0;0;0;0;0;0;0;0;0;0;0;0;0;0;0;0;0;0;0;0;0;0;0;0;0;
brt;2924;8;2143;0;0;0;0;0;0;0;0;0;0;0;569;414;0;333;0;0;0;413;0;0;0;0;0;0;1;335;39;39;0;0;0;0;0;0;0;0;0;0;0;0;0;0;0;0;0;0;0;0;0;0;0;0;0;0;0;0;0;0;0;0;0;0;0;0;0;0;0;0;0;0;0;0;0;0;0;0;0;
bto;957;24;904;0;4;4;0;0;0;0;0;0;0;0;52;358;357;4;6;9;6;22;11;0;0;0;0;0;1;8;1;16;0;1;14;0;0;0;0;0;2;18;0;1;0;0;0;0;0;0;0;0;0;0;0;0;0;0;2;0;0;0;0;0;0;0;0;0;0;0;0;0;0;1;0;0;0;0;4;0;2;
c4o;213;32;236;0;6;6;0;0;0;0;0;0;0;0;60;20;20;14;0;11;8;0;11;0;1;0;0;0;1;12;5;8;1;2;10;1;0;9;9;1;1;7;0;0;0;2;0;3;1;0;1;0;1;1;0;0;0;1;0;0;0;1;0;0;0;0;0;0;0;0;0;0;0;1;0;0;0;0;0;0;0;
cart;43;13;49;0;0;0;0;0;0;0;0;0;0;0;15;5;2;2;0;5;0;0;4;0;0;0;0;0;1;2;3;2;0;1;4;0;0;0;0;3;0;0;0;0;0;0;0;0;0;0;0;0;0;0;0;0;0;0;0;0;0;0;0;0;0;0;0;0;0;0;0;0;0;0;0;0;0;0;0;0;0;
caso;556;28;579;0;4;4;0;0;0;0;0;0;0;0;120;69;73;43;0;14;7;40;13;0;0;0;0;0;1;26;4;39;1;1;19;11;0;28;28;1;0;0;0;0;0;12;0;8;0;1;0;0;5;0;0;0;0;3;0;0;0;0;3;0;0;0;0;0;0;1;0;0;0;0;0;0;0;0;0;0;0;
cbcm;2659;36;2554;0;61;61;0;0;0;0;0;0;0;0;434;305;428;184;86;74;59;118;71;0;3;0;0;0;1;138;42;57;2;1;22;10;14;90;90;0;0;6;5;0;39;0;0;0;51;0;0;0;0;13;0;0;0;39;0;0;0;35;4;0;1;0;0;0;2;2;0;3;3;0;0;0;0;0;0;0;0;
cbo;1733;22;1906;0;0;0;0;0;0;0;0;0;0;0;517;192;195;75;3;132;78;179;128;0;0;0;0;0;1;75;48;96;7;1;18;15;3;0;0;1;0;0;0;0;140;0;1;0;0;0;0;0;0;0;0;0;0;0;1;0;0;0;0;0;0;0;0;0;0;0;0;0;0;0;0;0;0;0;0;0;0;
cco;237;22;237;22;6;6;0;0;0;0;0;0;0;0;52;23;23;2;0;9;18;25;13;2;0;0;0;0;1;4;0;20;3;1;0;1;0;0;0;2;0;0;2;0;0;0;1;0;0;0;0;0;0;0;0;0;0;0;0;0;0;0;0;0;0;0;0;0;0;0;0;0;0;0;0;0;0;0;0;0;1;
cdc;349;17;365;0;0;0;0;0;0;0;0;0;0;0;86;47;48;18;0;14;0;47;15;0;0;0;0;0;1;31;4;15;0;1;16;0;0;0;0;0;1;12;0;0;8;0;0;0;0;0;0;0;0;0;0;0;0;0;0;0;0;0;0;0;0;0;0;0;0;0;0;0;0;0;0;0;0;0;1;0;0;
cdesc;7925;35;8532;0;104;104;0;0;0;0;0;0;0;0;1045;1193;1137;411;0;393;262;543;392;0;1;0;0;0;1;185;111;329;59;1141;11;153;0;261;261;34;1;13;10;0;50;172;0;0;86;0;0;0;0;2;0;0;0;3;36;0;0;0;0;0;0;0;0;0;11;11;0;0;0;0;0;0;0;0;0;3;3;
cdm;19;8;16;0;0;0;0;0;0;0;0;0;0;0;3;2;3;0;3;1;1;0;0;0;0;0;0;0;1;0;2;0;0;0;0;0;0;0;0;0;0;0;0;0;0;0;0;0;0;0;0;0;0;0;0;0;0;0;0;0;0;0;0;0;0;0;0;0;0;0;0;0;0;0;0;0;0;0;0;0;0;
cdtype;43;7;28;0;0;0;0;0;0;0;0;0;0;0;4;1;4;7;4;0;0;4;0;4;0;0;0;0;0;0;0;0;0;0;0;0;0;0;0;0;0;0;0;0;0;0;0;0;0;0;0;0;0;0;0;0;0;0;0;0;0;0;0;0;0;0;0;0;0;0;0;0;0;0;0;0;0;0;0;0;0;
cert;114;17;114;2;0;0;0;0;0;0;0;0;0;0;19;15;16;8;6;6;0;15;6;0;1;0;0;0;1;9;3;2;0;0;0;2;2;0;0;0;0;0;0;0;0;0;0;0;0;1;0;0;0;0;0;0;0;0;0;0;0;0;0;0;0;0;0;0;0;0;0;0;0;0;0;0;0;0;0;0;0;
cevent;440;27;494;0;8;8;0;0;0;0;0;0;0;0;85;67;52;22;0;20;15;28;20;0;0;0;0;0;1;17;2;30;0;54;7;9;1;11;11;3;0;0;1;2;6;0;0;0;11;0;0;0;0;1;0;0;0;0;0;0;0;0;0;0;0;0;0;0;0;0;0;0;0;0;0;0;0;0;0;0;2;
cff;3433;10;1895;0;0;0;0;0;0;0;0;0;0;0;1732;83;3;11;1;0;0;1;0;0;0;0;0;0;1;48;0;1;0;0;14;0;0;0;0;0;0;0;0;0;0;0;0;0;0;0;0;0;0;0;0;0;0;0;0;0;0;0;0;0;0;0;0;0;0;0;0;0;0;0;0;0;0;0;0;0;0;
cfp;11921;9;5763;0;0;0;0;0;0;0;0;0;0;0;2040;1842;1813;0;1;0;0;1;0;0;0;0;0;0;1;48;0;3;0;0;14;0;0;0;0;0;0;0;0;0;0;0;0;0;0;0;0;0;0;0;0;0;0;0;0;0;0;0;0;0;0;0;0;0;0;0;0;0;0;0;0;0;0;0;0;0;0;
chord;520;16;368;10;2;2;0;0;0;0;0;0;0;0;136;61;36;4;16;10;0;61;10;8;0;0;0;0;1;9;0;0;0;1;0;0;0;0;0;0;0;0;1;0;0;0;0;0;0;0;0;0;0;0;0;0;0;0;0;0;0;0;0;0;0;0;0;0;0;0;0;0;0;0;0;0;0;0;0;0;0;
ci;590;20;522;0;0;0;1;0;0;0;0;0;0;0;105;78;79;9;21;38;23;78;40;0;0;0;0;2;1;9;3;25;0;1;0;2;0;0;0;5;0;0;0;0;0;0;1;0;0;0;0;0;0;0;0;0;0;0;1;0;0;0;0;0;0;0;0;0;0;0;0;0;0;0;0;0;0;0;0;0;0;
cis;2338;33;2582;0;64;64;0;0;0;0;0;0;0;0;390;311;295;153;0;90;5;138;90;0;8;0;0;0;1;83;32;58;4;279;9;14;10;140;140;8;0;0;27;1;26;85;0;4;40;0;0;10;0;0;0;0;0;1;0;0;0;1;0;0;0;0;0;0;0;0;0;0;0;0;0;0;0;0;0;0;1;
citedcat;570;15;471;27;0;0;0;0;0;0;0;0;0;0;72;31;31;0;0;17;2;242;3;3;0;0;0;1;1;3;0;27;0;1;0;10;0;0;0;0;0;0;0;0;0;0;0;0;0;0;0;0;0;0;0;0;0;0;0;0;0;0;0;0;0;0;0;0;0;0;0;0;0;0;0;0;0;0;0;0;0;
cito;576;27;651;0;4;4;0;0;0;0;0;0;0;0;131;109;110;9;0;2;91;0;2;0;1;0;0;0;1;10;3;98;0;2;10;43;1;4;4;1;3;0;0;0;0;0;0;3;0;0;0;0;0;1;0;0;0;0;0;0;0;1;0;0;0;0;0;0;0;0;0;0;0;2;0;0;0;1;0;0;0;
cl;329;28;424;23;4;4;0;0;2;0;0;0;0;0;103;92;11;31;2;20;7;1;24;22;1;0;0;0;1;22;8;16;4;0;0;1;0;6;6;3;0;0;2;0;0;2;0;0;4;0;0;0;0;0;0;0;0;0;0;0;0;0;0;0;2;0;0;0;0;0;0;0;0;0;0;0;0;0;0;0;0;
cld;91;9;94;8;0;0;0;0;0;0;0;0;0;0;16;14;13;0;10;5;6;13;9;0;0;0;0;0;0;0;0;0;0;0;0;0;0;0;0;0;0;0;0;0;0;0;0;0;0;0;0;0;0;0;0;0;0;0;0;0;0;0;0;0;0;0;0;0;0;0;0;0;0;0;0;0;0;0;0;0;0;
cnt;108;14;144;13;0;0;0;0;0;0;0;0;0;0;37;19;19;3;1;13;0;1;13;5;0;0;0;0;1;5;0;13;0;1;0;0;0;0;0;0;0;0;0;0;0;0;0;0;0;0;0;0;0;0;0;0;0;0;0;0;0;0;0;0;0;0;0;0;0;0;0;0;0;0;0;0;0;0;0;0;0;
co;78;21;81;6;0;0;0;0;0;0;0;0;0;0;19;8;8;3;0;3;3;8;4;2;0;0;0;0;1;2;1;5;1;1;0;2;0;1;1;1;0;0;0;0;0;0;0;1;0;0;0;0;0;0;0;0;0;0;0;0;0;0;0;0;0;0;0;0;0;0;0;0;0;0;0;0;0;0;0;0;0;
cocoon;611;30;708;0;16;16;0;0;0;0;0;0;0;0;197;9;36;78;1;0;20;0;0;0;3;0;0;0;1;37;10;22;0;1;11;0;1;55;55;0;0;1;3;0;12;0;0;0;12;0;2;0;0;0;0;0;0;26;0;0;0;14;0;0;0;21;0;0;3;3;0;0;0;0;0;0;0;15;0;27;0;
cold;186;23;212;0;5;5;0;1;0;0;0;0;0;0;39;27;28;8;0;17;8;0;20;0;0;0;0;0;1;9;2;19;1;0;1;0;0;4;4;2;0;0;2;0;0;0;0;0;0;0;0;0;0;0;0;0;0;4;0;0;0;4;0;0;0;1;0;0;0;0;0;0;0;0;0;0;0;0;0;0;0;
comm;57;12;59;6;0;0;0;0;0;0;0;0;0;0;15;9;9;3;0;2;0;0;5;4;0;1;0;0;1;3;1;0;0;0;0;0;0;0;0;0;0;0;0;0;0;0;0;0;0;0;0;0;0;0;0;0;0;0;0;0;0;0;0;0;0;0;0;0;0;0;0;0;0;0;0;0;0;0;0;0;0;
common;4263;30;3852;0;63;63;0;0;0;0;0;0;0;0;1006;424;548;297;0;195;91;0;182;0;0;0;0;0;1;150;114;97;1;1;7;0;0;150;150;131;0;0;16;0;0;13;0;64;19;0;30;9;15;0;3;5;5;0;0;0;0;0;0;0;0;0;0;0;0;0;0;0;0;0;2;0;0;0;0;0;0;
con;147;11;168;23;0;0;0;0;0;0;0;0;0;0;36;22;15;4;6;14;3;0;33;7;0;0;0;0;0;0;0;0;0;0;0;0;0;0;0;0;0;0;0;0;0;0;0;0;0;5;0;0;0;0;0;0;0;0;0;0;0;0;0;0;0;0;0;0;0;0;0;0;0;0;0;0;0;0;0;0;0;
contax;262;15;317;2;0;0;0;0;0;0;0;0;0;0;116;18;15;6;0;11;0;37;9;0;0;0;0;0;1;39;4;11;0;1;23;0;0;0;0;0;0;0;0;0;24;0;0;0;0;0;0;0;0;0;0;0;0;0;0;0;0;0;0;0;0;0;0;0;0;0;0;0;0;0;0;0;0;0;0;0;0;
cpa;23;4;35;0;0;0;0;0;0;0;0;0;0;0;12;0;11;0;0;0;0;0;0;0;0;0;0;0;1;0;0;0;0;0;11;0;0;0;0;0;0;0;0;0;0;0;0;0;0;0;0;0;0;0;0;0;0;0;0;0;0;0;0;0;0;0;0;0;0;0;0;0;0;0;0;0;0;0;0;0;0;
cpmeta;1794;42;2344;0;106;106;0;0;12;0;0;0;0;0;670;185;45;109;7;142;66;0;126;0;23;0;0;0;1;108;94;61;19;1;15;0;4;63;63;89;2;4;25;2;99;8;0;1;44;2;0;4;0;3;4;0;0;4;0;0;0;3;0;0;0;0;0;0;0;0;0;9;9;0;0;1;0;2;0;3;0;
crm;3894;12;4280;309;0;0;0;0;0;0;0;0;0;0;386;2099;236;89;0;309;179;0;309;76;0;0;0;0;1;0;0;0;0;1;0;286;0;0;0;0;0;0;0;0;0;0;0;0;0;0;0;0;0;0;0;0;0;0;0;0;0;0;0;0;0;0;0;0;0;0;0;0;0;0;0;0;0;0;0;0;0;
ct;159;16;157;0;0;0;0;0;0;0;0;0;0;0;52;1;48;15;0;4;0;0;4;0;0;0;0;0;1;15;0;4;5;1;0;0;0;2;2;0;0;0;0;0;0;1;0;0;1;0;0;0;0;0;0;0;0;0;0;0;0;0;0;0;0;0;0;0;0;0;0;0;0;1;0;0;0;0;0;0;0;
ctlog;1504;32;1642;0;46;46;0;0;0;0;0;0;0;0;208;240;209;78;0;63;50;109;63;0;0;0;0;0;1;56;14;64;6;228;10;25;1;32;32;8;0;1;1;2;9;16;0;0;16;0;0;0;0;0;1;0;0;0;0;0;0;0;0;0;0;0;0;0;3;3;0;0;0;0;0;0;0;0;0;0;1;
cto;142;16;164;0;0;0;0;0;0;0;0;0;4;0;45;17;18;5;0;6;2;17;7;0;0;0;0;0;1;16;1;8;0;1;15;0;0;0;0;0;0;0;0;0;1;0;0;0;0;0;0;0;0;0;0;0;0;0;0;0;0;0;0;0;0;0;0;0;0;0;0;0;0;0;0;0;0;0;0;0;0;
ctrl;251;22;274;0;0;0;0;0;0;0;0;0;0;0;59;28;28;14;6;15;0;27;11;0;0;0;0;0;1;13;0;15;1;1;17;1;0;11;11;0;0;2;0;0;1;9;0;0;2;0;0;0;0;0;0;0;0;0;0;0;0;0;0;0;0;0;0;0;0;0;0;0;0;1;0;0;0;0;0;0;0;
dataid;868;27;895;0;26;26;0;0;0;0;0;0;0;0;166;99;99;60;0;47;27;96;36;0;0;0;0;0;1;19;8;43;0;1;0;5;0;28;28;6;1;2;0;1;28;27;0;0;0;2;1;0;0;0;0;0;0;0;0;0;0;0;0;0;0;0;0;0;0;0;0;0;0;0;0;0;0;0;0;0;12;
dba;579;15;590;0;0;0;0;0;0;0;0;0;0;0;93;136;101;25;0;36;8;0;93;0;0;0;0;0;1;39;27;22;0;1;3;4;1;0;0;0;0;0;0;0;0;0;0;0;0;0;0;0;0;0;0;0;0;0;0;0;0;0;0;0;0;0;0;0;0;0;0;0;0;0;0;0;0;0;0;0;0;
dbpedia-owl;10378;6;5186;0;0;0;0;0;0;0;0;0;0;0;2;0;1;0;0;0;0;5180;0;0;0;0;0;1;1;0;0;0;0;1;0;0;0;0;0;0;0;0;0;0;0;0;0;0;0;0;0;0;0;0;0;0;0;0;0;0;0;0;0;0;0;0;0;0;0;0;0;0;0;0;0;0;0;0;0;0;0;
dcam;26;8;23;3;0;0;0;0;0;0;0;0;0;0;4;4;4;0;2;1;0;4;0;1;0;0;0;0;0;0;0;0;0;0;0;0;0;0;0;0;0;0;0;0;0;0;0;0;0;0;0;0;0;0;0;0;0;0;0;0;0;0;0;0;0;0;0;0;0;0;0;0;0;0;0;0;0;0;0;0;0;
dcat;1342;25;737;18;4;4;0;0;0;0;0;0;0;0;65;252;236;7;10;27;13;18;21;4;0;4;0;0;2;9;8;22;0;5;0;0;0;2;2;0;0;0;1;0;0;1;0;1;0;0;0;0;0;0;0;0;0;0;0;0;0;0;0;0;0;0;0;0;0;0;0;0;0;0;0;0;0;0;0;0;1;
dce;107;5;75;15;0;0;0;0;0;0;0;0;0;0;15;15;15;0;0;0;0;15;0;0;0;0;0;0;0;0;0;0;0;0;0;0;0;0;0;0;0;0;0;0;0;0;0;0;0;0;0;0;0;0;0;0;0;0;0;0;0;0;0;0;0;0;0;0;0;0;0;0;0;0;0;0;0;0;0;0;0;
dcite;562;31;630;0;3;3;0;0;0;0;0;0;0;0;202;94;95;27;8;7;2;0;5;0;0;0;0;0;1;19;1;9;0;2;10;7;0;19;19;0;0;2;0;0;70;6;0;2;9;1;0;1;0;0;0;0;0;1;0;0;0;1;0;0;0;0;0;0;1;1;0;0;0;2;0;0;0;0;0;0;0;
dcndl;1064;13;881;84;0;0;1;0;0;0;0;0;0;0;152;151;152;3;57;12;83;134;1;3;48;0;0;0;0;0;0;0;0;0;0;0;0;0;0;0;0;0;0;0;0;0;0;0;0;0;0;0;0;0;0;0;0;0;0;0;0;0;0;0;0;0;0;0;0;0;0;0;0;0;0;0;0;0;0;0;0;
dcterms;700;13;610;55;0;0;0;0;0;0;0;0;0;0;99;98;98;9;20;13;81;98;3;23;12;0;0;0;0;0;0;0;0;0;0;0;0;0;0;0;0;0;0;0;0;0;1;0;0;0;0;0;0;0;0;0;0;0;0;0;0;0;0;0;0;0;0;0;0;0;0;0;0;0;0;0;0;0;0;0;0;
dctype;89;6;62;0;0;0;0;0;0;0;0;0;0;0;12;12;12;2;0;0;0;12;0;12;0;0;0;0;0;0;0;0;0;0;0;0;0;0;0;0;0;0;0;0;0;0;0;0;0;0;0;0;0;0;0;0;0;0;0;0;0;0;0;0;0;0;0;0;0;0;0;0;0;0;0;0;0;0;0;0;0;
ddesc;3414;29;3758;0;10;10;0;0;0;0;0;0;0;0;562;618;470;135;0;155;88;202;155;0;0;0;0;0;1;72;21;153;69;581;11;69;0;85;85;11;0;1;0;0;104;44;0;0;41;0;0;0;0;0;0;0;0;0;2;0;0;0;0;0;0;0;0;0;1;1;0;0;0;0;0;0;0;0;0;0;1;
deo;197;22;256;0;2;2;0;0;0;0;0;0;0;0;63;35;35;32;0;0;3;0;0;0;0;0;0;0;1;47;0;4;2;1;7;1;13;1;1;0;1;0;0;2;0;0;0;0;1;0;0;0;0;1;0;0;0;0;0;0;0;0;0;0;0;0;0;0;0;0;0;0;0;1;0;0;0;0;0;0;0;
dicom;73972;16;84597;0;11566;11566;0;0;0;0;0;0;0;0;10631;8626;1;0;0;6833;0;8625;5544;0;0;0;0;0;1;3591;4504;2529;0;0;6;0;1542;0;0;0;0;0;1998;0;0;0;7034;0;0;0;0;0;0;0;0;0;0;0;0;0;0;0;0;0;0;0;0;0;0;0;0;0;0;0;0;0;0;0;0;0;0;
dio;263;28;329;0;7;7;0;0;0;0;0;0;0;0;74;48;50;16;1;16;3;0;12;0;0;0;0;0;1;24;2;28;0;1;4;5;1;6;6;1;0;0;0;0;4;2;0;0;0;0;0;0;0;2;0;0;0;2;0;0;0;3;0;0;0;0;0;0;0;0;0;0;0;0;0;0;0;2;0;1;0;
dita;490;12;532;44;0;0;0;0;0;0;0;0;0;0;51;93;94;42;87;46;28;0;38;6;0;2;0;0;1;0;0;0;0;0;0;0;0;0;0;0;0;0;0;0;0;0;0;0;0;0;0;0;0;0;0;0;0;0;0;0;0;0;0;0;0;0;0;0;0;0;0;0;0;0;0;0;0;0;0;0;0;
dnbt;203;26;220;12;9;9;0;0;0;0;0;0;0;0;42;37;36;4;5;1;0;20;0;5;3;0;0;1;1;5;3;9;0;1;0;0;0;2;2;0;0;0;0;0;0;0;1;0;2;0;0;0;0;0;0;0;0;0;0;0;0;0;0;0;0;0;0;0;0;0;0;3;3;1;0;0;0;0;0;0;3;
doap;722;18;772;40;3;3;0;0;0;0;0;0;0;0;61;253;252;12;0;29;3;53;37;13;0;3;0;0;1;4;0;0;0;0;0;2;0;0;0;0;0;0;1;0;0;0;0;0;0;2;0;0;0;0;0;0;0;0;0;0;0;0;0;0;0;0;0;0;0;0;0;0;0;0;0;0;0;0;0;0;0;
doc;86;10;100;15;0;0;0;0;0;0;0;0;0;0;17;16;18;1;0;14;0;0;15;1;0;0;0;0;0;0;0;0;0;0;0;2;0;0;0;0;0;0;0;1;0;0;0;0;0;0;0;0;0;0;0;0;0;0;0;0;0;0;0;0;0;0;0;0;0;0;0;0;0;0;0;0;0;0;0;0;0;
doco;923;24;1124;0;162;162;0;0;0;0;0;0;0;0;209;54;56;84;0;0;2;0;0;0;0;0;0;0;1;137;0;7;0;1;7;0;2;52;52;0;0;5;19;0;0;10;0;0;42;0;0;0;0;43;0;0;0;0;0;0;0;0;0;0;6;0;0;0;5;5;0;0;0;1;0;0;0;0;0;0;0;
dogont;13689;43;16704;0;401;401;0;0;20;0;0;0;0;0;3024;196;256;3008;0;90;30;0;90;0;3;0;0;0;1;1083;64;32;7;2;14;12;2;1796;1796;2;0;2409;47;0;0;23;0;131;924;0;15;587;25;0;2;0;0;85;0;0;0;24;10;0;2;0;0;0;4;9;0;0;0;1;0;11;0;6;2;57;0;
dot;217;20;221;0;10;10;0;0;0;0;0;0;0;0;34;29;30;9;0;14;3;29;9;0;0;0;0;0;1;14;2;13;0;1;0;1;0;0;0;0;1;5;0;0;1;0;0;0;0;0;0;0;0;0;0;0;0;0;0;0;0;0;0;0;0;0;0;0;0;0;0;0;0;0;0;0;0;0;0;0;5;
dqc;2458;12;1203;49;232;232;0;0;0;0;0;0;0;0;470;41;115;34;0;0;2;0;0;21;0;0;0;0;1;0;0;0;0;1;5;0;0;0;0;0;0;0;0;0;0;0;0;0;0;0;0;0;0;0;0;0;0;0;0;0;0;0;0;0;0;0;0;0;0;0;0;0;0;0;0;0;0;0;0;0;0;
dqm;1040;21;1296;0;68;68;0;0;0;0;0;0;0;0;261;162;163;57;0;75;61;0;87;0;0;0;0;0;1;94;50;46;0;1;6;3;0;0;0;62;0;0;28;1;0;0;0;0;0;0;0;0;0;0;1;0;0;0;0;0;0;0;0;0;0;0;0;0;0;0;0;0;0;0;1;0;0;0;0;0;0;
dqv;152;18;148;9;0;0;0;0;0;0;0;0;0;0;37;19;19;9;0;8;2;0;5;10;0;1;0;0;0;10;1;0;0;0;0;5;6;1;1;0;0;0;0;0;0;0;4;0;0;0;0;1;0;0;0;0;0;0;0;0;0;0;0;0;0;0;0;0;0;0;0;0;0;0;0;0;0;0;0;0;0;
drama;1348;42;1664;0;132;132;0;0;9;0;0;0;0;0;329;133;111;54;1;53;56;0;55;0;2;0;0;0;1;107;15;75;4;1;12;25;28;73;73;22;2;4;7;0;1;8;0;0;39;8;0;9;0;40;2;0;0;17;0;0;0;15;1;0;4;0;0;0;1;1;0;0;0;0;0;0;0;0;0;1;1;
dsn;85;11;94;0;0;0;0;0;0;0;0;0;0;0;20;16;16;8;0;6;0;0;8;0;0;0;0;0;1;10;3;5;0;1;0;0;0;0;0;0;0;0;0;0;0;0;0;0;0;0;0;0;0;0;0;0;0;0;0;0;0;0;0;0;0;0;0;0;0;0;0;0;0;0;0;0;0;0;0;0;0;
dtype;253;26;247;0;11;11;0;0;0;0;0;0;0;0;45;26;2;26;1;7;0;25;0;0;3;2;0;0;1;8;6;7;3;0;2;0;2;17;17;0;0;6;2;0;0;8;0;2;0;0;6;0;1;0;0;0;0;0;0;0;0;0;0;0;0;0;0;0;0;0;0;0;0;0;0;0;0;0;0;0;0;
dul;1895;37;2202;0;39;39;0;0;0;0;0;0;0;0;316;363;183;155;0;109;117;187;112;0;1;0;0;0;1;93;5;112;1;5;5;60;3;77;77;0;9;23;9;9;0;27;0;1;42;0;0;0;4;5;0;0;0;2;0;0;2;0;2;0;0;0;0;0;0;0;2;0;0;0;0;0;1;0;0;0;4;
eac-cpf;269;17;323;0;0;0;2;0;0;0;0;0;0;0;64;39;0;26;0;29;0;18;29;0;0;0;0;0;1;11;21;8;0;3;0;0;1;23;24;0;0;0;0;0;0;1;0;0;23;0;0;0;0;0;0;0;0;0;0;0;0;0;0;0;0;0;0;0;0;0;0;0;0;0;0;0;0;0;0;0;0;
earl;162;14;189;9;0;0;0;0;0;0;0;0;0;0;59;25;25;8;4;9;1;1;9;15;0;0;0;0;0;15;1;8;0;0;0;0;0;0;0;0;0;0;0;0;0;0;0;0;0;0;0;0;0;0;0;0;0;0;0;0;0;0;0;0;0;0;0;0;0;0;0;0;0;0;0;0;0;0;0;0;0;
ecfo;222;19;254;0;0;0;4;0;0;0;0;0;0;0;68;34;34;2;0;15;2;16;15;0;2;0;0;0;1;12;6;13;1;1;20;0;0;0;0;0;0;0;0;0;7;0;0;0;0;0;0;0;0;0;0;0;0;0;0;0;0;0;0;0;0;0;0;0;0;0;0;0;0;1;0;0;0;0;0;0;0;
ecpo;304;28;350;0;12;12;0;0;0;0;0;0;0;0;59;68;34;8;0;2;30;0;27;0;0;0;0;0;1;8;27;2;7;1;5;0;0;11;11;0;0;3;2;0;2;0;0;0;7;0;1;0;3;3;0;1;1;0;0;2;0;0;0;0;0;0;0;0;0;0;0;0;0;0;0;0;0;0;0;0;0;
ecrm;2720;25;2889;0;0;0;0;0;0;0;0;0;0;0;485;358;236;162;0;267;174;0;281;0;0;0;0;0;1;75;13;289;1;1;0;289;0;74;74;1;5;2;0;26;0;0;0;7;49;1;8;0;10;0;0;0;0;0;0;0;0;0;0;0;0;0;0;0;0;0;0;0;0;0;0;0;0;0;0;0;0;
edac;337;25;367;0;8;8;0;0;0;0;0;0;0;0;90;57;3;44;0;9;0;1;9;0;0;0;0;0;1;58;2;9;0;1;2;0;11;15;15;0;0;0;1;0;2;0;0;0;10;0;0;2;0;3;0;0;0;3;0;0;0;3;0;0;0;0;0;0;0;0;0;0;0;0;0;0;0;0;0;0;0;
edu;426;21;327;0;10;10;2;0;0;0;0;0;0;0;52;59;42;20;2;13;1;42;12;0;0;0;0;0;1;35;2;12;0;1;0;1;4;0;0;0;0;0;5;0;0;0;1;0;0;0;0;0;0;0;0;0;0;0;0;0;0;0;0;0;0;0;0;0;0;0;0;0;0;0;0;0;0;0;0;0;0;
edupro;114;11;111;0;0;0;0;0;0;0;0;0;0;0;16;22;16;7;0;6;0;15;6;0;0;0;0;0;1;7;0;8;7;0;0;0;0;0;0;0;0;0;0;0;0;0;0;0;0;0;0;0;0;0;0;0;0;0;0;0;0;0;0;0;0;0;0;0;0;0;0;0;0;0;0;0;0;0;0;0;0;
eeo;427;24;520;0;18;18;0;0;0;0;0;0;0;0;99;57;58;66;0;19;0;0;19;0;0;0;0;0;1;46;0;20;2;1;7;3;0;24;24;0;0;0;7;1;0;0;0;0;19;0;0;0;0;1;0;0;0;5;0;0;0;3;2;0;0;0;0;0;0;0;0;0;0;0;0;0;0;0;0;0;0;
ei2a;2974;41;3466;0;143;143;0;0;0;0;0;0;0;0;808;190;587;164;34;256;30;22;251;0;0;0;0;0;1;226;137;129;0;2;19;19;23;26;26;10;1;3;21;3;121;10;3;9;3;2;0;0;0;0;15;0;0;3;0;0;9;0;0;9;0;0;0;0;1;1;0;0;0;0;0;0;0;1;0;4;1;
ep;69;13;77;5;0;0;0;0;0;0;0;0;0;0;22;8;8;1;0;3;0;8;5;3;0;0;0;0;5;3;0;5;0;0;0;0;1;0;0;0;0;0;0;0;0;0;0;0;0;0;0;0;0;0;0;0;0;0;0;0;0;0;0;0;0;0;0;0;0;0;0;0;0;0;0;0;0;0;0;0;0;
eqp;246;16;323;0;0;0;0;0;0;0;0;0;0;0;72;45;45;19;0;29;0;0;30;0;0;0;0;0;1;16;20;9;6;1;0;0;0;2;2;24;0;0;0;0;0;2;0;0;0;0;0;0;0;0;0;0;0;0;0;0;0;0;0;0;0;0;0;0;0;0;0;0;0;0;0;0;0;0;0;0;0;
esco;1653;44;1521;1;63;63;0;0;2;0;0;0;0;0;217;133;151;51;111;83;39;134;62;0;27;1;0;0;1;48;23;67;0;1;8;10;7;25;25;5;0;10;15;2;9;1;0;4;0;2;3;9;4;0;0;0;0;4;66;0;0;3;1;0;0;0;0;0;0;0;0;12;12;0;0;3;0;0;0;0;3;
eupont;2375;28;3098;0;55;55;0;0;0;0;0;0;0;0;732;717;7;708;0;26;7;1;25;0;0;0;0;0;1;691;4;27;3;1;0;2;1;7;7;0;0;1;6;0;0;0;1;0;5;0;0;0;0;0;0;0;0;2;0;0;0;2;0;0;0;0;0;0;2;2;0;0;0;0;0;0;0;0;0;0;0;
event;114;19;121;0;0;0;0;0;0;0;0;0;0;0;34;14;10;0;0;4;0;0;7;0;0;0;0;0;1;6;5;17;1;1;1;3;2;2;2;0;0;1;0;0;0;0;8;0;2;0;0;0;0;0;0;0;0;0;0;0;0;0;0;0;0;0;0;0;0;0;0;0;0;0;0;0;0;0;0;0;0;
ex;54;9;53;0;0;0;0;0;0;0;0;0;0;0;10;8;18;0;1;0;0;7;0;0;0;0;0;0;1;1;0;0;0;1;6;0;0;0;0;0;0;0;0;0;0;0;0;0;0;0;0;0;0;0;0;0;0;0;0;0;0;0;0;0;0;0;0;0;0;0;0;0;0;0;0;0;0;0;0;0;0;
exif;891;10;910;160;0;0;0;0;0;0;0;0;0;0;164;164;230;0;1;0;187;0;1;1;0;0;0;0;1;0;0;0;0;1;0;0;0;0;0;0;0;0;0;0;0;0;0;0;0;0;0;0;0;0;0;0;0;0;0;0;0;0;0;0;0;0;0;0;0;0;0;0;0;0;0;0;0;0;0;0;0;
fabio;2151;37;2654;0;44;44;0;0;0;0;0;0;0;0;538;379;367;346;8;46;80;10;44;0;5;0;0;0;1;271;67;31;1;2;12;6;1;92;92;27;0;7;6;0;15;22;0;0;70;0;0;0;0;5;0;0;0;0;0;0;0;0;0;0;0;0;0;0;2;2;0;1;1;1;0;0;0;0;2;0;6;
faldo;235;31;276;0;18;18;0;1;0;0;0;0;0;1;43;25;28;24;4;6;0;0;4;0;1;0;0;0;1;22;1;9;3;1;0;4;0;9;9;0;0;21;3;0;0;1;0;2;0;0;0;0;0;3;0;0;0;6;0;0;0;4;0;0;0;0;0;0;0;0;0;1;1;0;0;0;0;0;0;2;0;
fel;173;10;154;0;0;0;0;0;0;0;0;0;0;0;55;30;0;6;1;1;0;29;0;0;0;0;0;0;1;29;0;1;0;1;0;0;0;0;0;0;0;0;0;0;0;0;0;0;0;0;0;0;0;0;0;0;0;0;0;0;0;0;0;0;0;0;0;0;0;0;0;0;0;0;0;0;0;0;0;0;0;
fiesta-iot;2881;33;3524;0;6;6;0;0;0;0;0;0;0;0;680;524;528;584;118;40;1;11;49;0;2;0;0;0;1;483;11;30;0;2;26;5;8;127;127;0;0;0;1;0;0;2;3;0;102;0;0;0;1;0;0;0;0;22;0;0;0;15;4;0;0;0;0;0;0;0;0;1;1;0;0;0;0;0;0;3;0;
fog;991;14;1124;0;0;0;0;0;0;0;0;0;0;0;254;131;131;0;108;1;129;119;0;0;0;0;0;0;1;1;117;13;0;1;0;0;0;0;0;114;0;0;0;0;4;0;0;0;0;0;0;0;0;0;0;0;0;0;0;0;0;0;0;0;0;0;0;0;0;0;0;0;0;0;0;0;0;0;0;0;0;
foio;70;18;77;0;0;0;0;0;0;0;0;0;0;0;23;6;6;2;0;3;0;6;3;0;0;0;0;0;1;5;1;3;0;1;10;3;0;1;0;1;1;0;0;0;0;0;0;1;0;0;0;0;0;0;0;0;0;0;0;0;0;0;0;0;0;0;0;0;0;0;0;0;0;0;0;0;0;0;0;0;0;
fowl;870;23;1103;0;54;54;0;0;0;0;0;0;0;0;267;0;1;102;0;4;0;0;4;0;0;0;0;12;1;65;0;4;12;0;0;0;1;152;152;0;0;38;1;0;0;89;0;0;0;0;0;59;4;24;2;0;0;0;0;0;0;0;0;0;1;0;0;0;0;0;0;0;0;0;0;0;0;0;0;0;0;
fresnel;724;26;870;10;62;62;0;0;3;0;0;0;0;0;130;54;55;64;0;28;0;48;29;4;0;12;0;0;1;42;10;19;0;1;0;0;0;46;48;0;0;5;24;0;0;41;0;0;0;0;30;0;40;0;2;0;0;0;0;0;0;0;0;0;0;0;0;0;0;0;0;0;0;0;0;0;0;0;0;0;0;
game;176;12;203;0;3;3;0;0;0;0;0;0;0;0;38;37;34;1;0;23;6;0;23;0;0;0;0;0;0;11;0;23;0;0;0;0;0;0;0;0;0;0;1;0;0;0;0;0;0;0;0;0;0;0;0;0;0;0;0;0;0;0;0;0;0;0;0;0;0;0;0;0;0;0;0;0;0;0;0;0;0;
geo;33;9;37;5;0;0;0;0;0;0;0;0;0;0;7;8;9;1;0;1;1;0;3;2;0;0;0;0;0;0;0;0;0;0;0;0;0;0;0;0;0;0;0;0;0;0;0;0;0;0;0;0;0;0;0;0;0;0;0;0;0;0;0;0;0;0;0;0;0;0;0;0;0;0;0;0;0;0;0;0;0;
geofla;394;22;412;0;16;16;0;0;0;0;0;0;0;0;120;53;44;11;0;16;0;6;16;0;0;0;0;0;1;27;9;8;0;1;24;0;5;5;5;0;0;0;5;0;18;0;0;0;0;0;0;5;0;0;0;0;0;0;0;0;0;0;0;0;0;0;0;0;0;0;0;0;0;1;0;0;0;0;0;0;0;
geom;490;29;571;0;21;20;0;0;2;0;0;0;0;0;130;71;68;32;0;18;3;0;17;0;0;0;0;0;1;46;4;16;0;1;22;0;10;22;22;0;0;0;0;0;5;2;0;0;9;0;0;1;0;7;0;0;0;6;0;0;0;8;0;0;0;0;0;0;0;0;0;0;0;1;0;0;0;4;0;2;0;
gleif-L1;694;32;708;0;38;38;0;0;0;0;0;0;0;0;139;61;0;49;0;14;38;60;12;0;0;0;0;0;1;27;14;22;0;0;0;0;0;44;44;3;0;0;2;0;13;0;0;3;4;0;3;0;5;6;2;2;2;22;0;0;0;17;3;0;4;0;0;0;0;0;0;0;0;0;0;0;0;7;0;9;0;
gleif-L2;399;28;389;0;37;37;0;0;0;0;0;0;0;0;83;37;0;20;0;9;3;36;10;0;0;0;0;0;1;16;1;9;0;0;1;0;3;13;13;2;0;0;0;0;18;0;0;0;0;0;0;0;1;0;5;4;4;9;0;0;0;10;2;0;0;0;0;0;0;0;0;0;0;0;0;0;0;3;0;2;0;
gleif-base;623;31;620;0;10;10;0;0;0;0;0;0;0;0;135;78;0;29;0;23;34;77;26;0;0;0;0;0;1;18;39;20;0;0;9;0;2;25;25;7;0;0;0;0;7;0;1;4;1;0;7;0;0;0;2;2;2;9;0;0;0;7;2;0;0;0;0;0;0;0;0;0;0;0;0;0;0;4;0;4;0;
gleif-elf;63;13;51;0;0;0;0;0;0;0;0;0;0;0;13;4;0;7;0;0;0;3;0;0;0;0;0;0;1;2;0;0;0;0;0;0;0;6;6;0;0;0;0;0;2;0;0;0;1;0;0;0;4;0;0;0;0;1;0;0;0;1;0;0;0;0;0;0;0;0;0;0;0;0;0;0;0;0;0;0;0;
gleif-geo;226;29;230;0;4;4;0;0;0;0;0;0;0;0;47;21;0;19;0;9;2;20;14;0;0;0;0;0;1;6;9;6;0;0;1;0;1;17;17;1;0;0;0;0;3;0;0;2;0;0;6;0;1;0;1;1;1;6;0;0;0;7;1;0;0;0;0;0;0;0;0;0;0;0;0;0;0;2;0;0;0;
gleif-ra;66;14;53;0;0;0;0;0;0;0;0;0;0;0;13;4;0;8;0;0;0;3;0;0;0;0;0;0;1;2;0;0;0;0;0;0;0;6;6;0;0;0;0;0;2;0;0;2;1;0;0;0;1;0;0;0;0;2;0;0;0;2;0;0;0;0;0;0;0;0;0;0;0;0;0;0;0;0;0;0;0;
gleif-repex;169;23;152;0;18;18;0;0;0;0;0;0;0;0;36;17;0;5;0;2;0;16;3;0;0;0;0;0;1;5;1;2;0;0;0;0;1;3;3;0;0;0;0;0;13;0;0;0;0;0;0;0;1;0;1;1;1;2;0;0;0;1;1;0;0;0;0;0;0;0;0;0;0;0;0;0;0;0;0;0;0;
gml;222;6;275;0;0;0;0;0;0;0;0;0;0;0;54;53;0;58;0;0;0;56;0;0;0;0;0;0;1;53;0;0;0;0;0;0;0;0;0;0;0;0;0;0;0;0;0;0;0;0;0;0;0;0;0;0;0;0;0;0;0;0;0;0;0;0;0;0;0;0;0;0;0;0;0;0;0;0;0;0;0;
gn;6846;26;1019;0;2;2;0;0;0;0;0;0;0;0;758;33;33;20;0;17;13;1;22;0;0;0;0;0;1;7;13;16;0;1;0;0;2;17;17;0;1;0;0;1;0;0;0;5;0;0;7;5;0;0;0;0;0;0;23;0;0;0;0;0;0;0;0;0;0;0;0;0;0;1;0;0;0;0;0;0;1;
gndo;4585;30;5003;258;589;589;0;0;0;0;0;0;0;0;832;646;238;65;23;216;206;321;227;63;0;0;0;1;1;246;52;182;1;1;23;12;5;0;0;0;2;1;178;1;0;0;14;0;0;0;0;0;0;0;0;0;0;0;9;0;0;0;0;0;0;0;0;0;0;0;0;0;0;1;0;0;0;0;0;0;0;
gom;333;17;390;0;0;0;0;0;0;0;0;0;0;0;105;45;44;8;0;23;2;45;19;0;2;0;0;0;1;18;19;10;0;1;12;0;0;0;0;28;0;0;0;0;8;0;0;0;0;0;0;0;0;0;0;0;0;0;0;0;0;0;0;0;0;0;0;0;0;0;0;0;0;0;0;0;0;0;0;0;0;
gov;271;15;322;0;2;2;0;0;0;0;0;0;0;0;56;106;4;6;0;33;22;0;34;0;0;0;0;0;1;15;12;27;0;0;0;0;0;0;0;0;0;0;1;0;0;0;0;0;0;0;0;0;0;0;0;0;0;0;0;0;0;0;0;1;0;0;0;0;0;0;0;0;0;0;0;0;0;0;0;0;0;
gr;1834;25;2026;0;213;213;0;0;0;0;0;0;0;0;267;177;177;19;0;96;22;176;96;0;0;0;0;0;1;98;49;53;2;1;10;10;9;0;0;0;2;256;61;7;0;0;4;0;0;0;0;0;0;0;0;0;0;0;7;0;0;0;0;0;0;0;0;0;0;0;0;0;0;0;0;0;0;0;0;0;0;
grddl;74;12;71;4;0;0;0;0;0;0;0;0;0;0;10;22;10;2;0;6;0;3;4;5;0;0;0;0;0;0;0;0;0;0;0;0;0;1;0;3;0;0;0;0;0;0;0;0;1;0;0;0;0;0;0;0;0;0;0;0;0;0;0;0;0;0;0;0;0;0;0;0;0;0;0;0;0;0;0;0;0;
gso;81;12;88;8;0;0;0;0;0;0;0;0;0;0;11;16;12;9;1;8;9;0;8;2;0;0;0;0;0;0;0;0;0;0;0;3;0;0;0;0;1;0;0;0;0;0;0;0;0;0;0;0;0;0;0;0;0;0;0;0;0;0;0;0;0;0;0;0;0;0;0;0;0;0;0;0;0;0;0;0;0;
gvp;4386;19;2721;0;16;16;0;0;0;0;0;0;0;0;469;72;53;21;15;320;303;616;311;0;0;0;0;0;1;14;8;314;0;1;0;113;0;0;0;0;50;0;0;0;0;0;0;0;0;0;0;0;0;0;0;0;0;0;0;0;0;0;0;0;0;0;0;0;0;0;0;0;0;0;0;0;0;0;0;0;8;
ha;1094;17;1378;0;33;33;0;0;0;0;0;0;0;0;294;90;0;233;4;0;47;0;47;0;0;0;0;0;1;95;0;49;0;1;0;0;0;148;148;0;0;0;7;0;0;74;0;74;0;0;0;0;0;0;0;0;0;0;0;0;0;0;0;0;0;0;0;0;0;0;0;0;0;0;0;0;0;0;0;0;0;
holding;161;18;173;0;17;17;0;0;0;0;0;0;0;0;21;18;14;0;21;11;3;3;11;0;0;0;0;0;1;8;1;10;0;1;0;10;1;0;0;0;0;0;5;0;0;0;0;0;0;0;0;0;0;0;0;0;0;0;0;0;0;0;0;0;0;0;0;0;0;0;0;0;0;0;0;0;0;0;0;0;0;
hpont;170;23;183;0;2;2;0;0;0;0;0;0;0;0;49;20;20;2;0;5;0;20;12;0;0;0;0;0;1;4;10;2;0;2;17;0;0;2;2;0;0;0;0;0;6;0;0;0;1;0;0;0;0;0;0;1;1;1;0;0;0;1;0;0;0;0;0;0;0;0;0;0;0;0;0;0;0;0;0;0;0;
hto;464;20;538;0;3;3;0;0;0;0;0;0;0;0;194;58;72;55;2;5;4;0;7;0;0;0;0;0;1;58;1;8;0;1;1;1;0;0;0;0;0;0;0;0;62;0;0;0;0;0;0;0;0;0;0;0;0;0;0;0;0;0;0;0;0;0;0;0;1;1;0;0;0;0;0;0;0;0;0;0;0;
http;230;15;304;25;0;0;0;0;0;0;0;0;0;0;76;40;40;6;2;18;4;19;22;14;0;0;0;0;1;14;0;22;0;1;0;0;0;0;0;0;0;0;0;0;0;0;0;0;0;0;0;0;0;0;0;0;0;0;0;0;0;0;0;0;0;0;0;0;0;0;0;0;0;0;0;0;0;0;0;0;0;
ibis;242;20;248;0;0;0;0;0;0;0;0;0;0;0;35;24;24;15;9;16;4;24;16;0;0;0;0;0;1;5;0;18;2;1;0;18;0;10;10;0;0;4;0;0;0;10;2;0;0;0;0;0;0;0;0;0;0;0;0;0;0;0;0;0;0;0;0;0;0;0;0;0;0;0;0;0;0;0;0;0;0;
iddo;1449;34;1387;1;20;20;0;0;0;0;0;0;0;0;206;159;151;123;1;60;60;1;76;10;7;1;0;0;1;6;33;26;12;1;2;0;1;104;104;0;0;0;0;0;6;0;0;18;0;0;0;0;3;0;7;0;0;19;0;0;0;32;46;0;0;0;0;0;0;0;0;0;0;0;0;0;0;65;0;5;0;
ids;4317;30;5252;0;32;32;0;0;0;0;0;0;0;0;1646;838;597;211;83;189;21;18;189;0;2;0;0;202;1;261;89;121;0;1;30;0;10;3;3;1;0;6;4;0;648;2;0;1;0;0;0;0;0;0;8;0;0;0;3;0;0;0;0;0;0;0;0;0;0;0;0;0;0;0;0;0;0;0;0;0;0;
ifc;36381;25;45453;0;531;531;0;0;0;0;0;0;0;0;10713;2729;1;5005;0;1574;0;0;1574;0;0;0;0;0;1;1395;0;1574;0;0;7;188;0;3515;3515;1439;0;4858;123;0;1155;1869;0;0;136;0;0;0;0;0;0;0;0;1510;0;0;0;628;54;0;0;0;0;0;0;0;0;0;0;0;0;0;0;0;0;828;0;
ignf;782;31;909;0;37;36;0;0;3;0;0;0;0;0;156;134;132;25;1;39;5;66;35;0;0;0;0;0;1;52;14;28;0;1;22;0;0;28;28;0;0;6;2;0;3;12;0;0;2;0;0;0;0;12;0;0;0;9;0;0;0;13;1;0;0;0;0;0;0;0;0;0;0;1;0;0;0;5;0;0;0;
incident;102;12;117;13;0;0;0;0;0;0;0;0;0;0;30;17;17;1;0;11;0;0;12;4;0;1;0;0;1;4;6;0;0;0;0;0;0;0;0;0;0;0;0;0;0;0;0;0;0;0;0;0;0;0;0;0;0;0;0;0;0;0;0;0;0;0;0;0;0;0;0;0;0;0;0;0;0;0;0;0;0;
infor;55;18;70;0;0;0;0;0;0;0;0;0;0;0;18;6;5;3;0;2;0;5;2;0;0;0;0;0;1;2;0;2;0;3;10;1;0;3;3;0;0;1;0;0;0;1;0;0;2;0;0;0;0;0;0;0;0;0;0;0;0;0;0;0;0;0;0;0;0;0;0;0;0;0;0;0;0;0;0;0;0;
iol;666;29;829;0;4;4;0;0;0;0;0;0;0;0;163;142;61;90;0;30;37;0;30;0;0;0;0;0;1;69;0;48;1;2;0;17;0;40;40;1;3;1;2;0;0;7;0;1;29;1;0;0;2;0;0;0;0;1;0;0;0;0;1;0;1;0;0;0;0;0;0;0;0;0;0;0;0;0;0;0;0;
ipo;548;30;670;0;19;19;0;0;0;0;0;0;0;0;137;69;69;25;0;22;25;66;21;0;0;0;0;0;1;24;6;51;0;1;12;20;4;15;15;7;0;3;2;8;1;0;0;0;15;7;0;0;0;0;0;0;0;0;0;0;0;0;0;0;0;0;0;0;2;2;0;0;0;0;0;0;0;0;0;0;2;
irao;516;16;593;0;13;13;0;0;0;0;0;0;0;0;116;91;75;27;0;33;0;90;33;0;0;0;0;0;1;46;3;30;0;1;0;0;0;0;0;0;0;0;5;0;16;0;0;0;0;0;0;0;0;0;0;0;0;0;0;0;0;0;0;0;0;0;0;0;0;0;0;0;0;0;0;0;0;0;0;0;0;
irw;237;27;288;0;4;4;0;0;0;0;0;0;0;0;49;32;22;24;0;19;5;0;19;0;0;0;0;0;1;15;1;17;3;1;0;16;3;10;10;3;0;16;1;2;0;3;0;2;0;0;0;0;5;1;0;0;0;0;0;0;0;0;0;0;0;0;0;0;0;0;0;0;0;0;0;0;0;0;0;0;0;
is;102;16;119;10;0;0;0;0;0;0;0;0;0;0;31;14;9;5;0;4;4;9;4;4;0;0;0;0;1;4;0;10;4;1;0;5;0;0;0;0;0;0;0;0;0;0;0;0;0;0;0;0;0;0;0;0;0;0;0;0;0;0;0;0;0;0;0;0;0;0;0;0;0;0;0;0;0;0;0;0;0;
ispra;794;27;899;0;8;8;0;0;0;0;0;0;0;0;107;162;160;38;0;56;53;77;57;0;0;0;0;0;1;21;6;54;0;0;0;26;0;17;17;0;0;2;0;6;0;4;0;4;7;0;0;0;0;0;0;0;0;2;0;0;0;1;0;0;0;0;0;0;0;0;2;0;0;0;0;0;0;0;0;1;2;
ivoam;53;7;59;0;0;0;0;0;0;0;0;0;0;0;15;11;10;8;0;0;0;0;0;10;0;0;0;0;1;0;0;0;0;0;4;0;0;0;0;0;0;0;0;0;0;0;0;0;0;0;0;0;0;0;0;0;0;0;0;0;0;0;0;0;0;0;0;0;0;0;0;0;0;0;0;0;0;0;0;0;0;
juso;841;25;451;0;8;8;10;0;0;0;0;0;0;3;72;7;7;41;41;29;29;59;29;0;0;0;0;36;1;30;15;12;0;1;0;2;2;0;0;0;0;2;0;2;0;0;0;0;0;0;0;0;0;0;0;0;0;0;0;0;0;0;0;0;0;0;0;0;0;0;0;0;0;0;0;0;0;0;1;0;4;
juso.kr;872;22;486;0;36;36;5;0;0;0;0;0;0;2;75;7;18;45;69;20;7;49;20;0;0;0;0;4;1;43;13;7;0;1;0;0;0;0;0;0;0;14;12;0;0;0;0;0;0;0;0;0;0;0;2;0;0;0;0;0;0;0;0;0;0;0;0;0;0;0;0;0;0;0;0;0;0;0;0;0;0;
keys;154;11;71;0;2;2;0;0;0;0;0;0;0;0;55;0;0;0;0;2;0;0;2;0;0;0;0;0;1;2;2;1;0;0;0;0;0;0;0;0;0;0;0;0;0;0;0;0;0;0;0;0;0;0;1;0;0;0;0;0;0;0;0;0;0;0;0;0;0;0;0;0;0;0;1;0;0;0;0;0;0;
kgc;117;10;177;0;0;0;0;0;0;0;0;0;0;0;63;0;0;11;1;1;38;0;0;0;0;0;0;0;1;17;1;42;0;0;2;0;0;0;0;0;0;0;0;0;0;0;0;0;0;0;0;0;0;0;0;0;0;0;0;0;0;0;0;0;0;0;0;0;0;0;0;0;0;0;0;0;0;0;0;0;0;
km4c;8108;38;9443;0;114;114;0;4;0;0;0;0;0;4;1348;2300;2288;816;9;323;87;0;313;2;0;6;0;0;1;747;323;126;1;1;1;26;0;120;120;0;0;8;38;0;11;46;1;0;0;0;4;0;1;0;0;0;0;47;0;0;0;50;18;0;0;0;0;0;1;1;0;0;0;0;0;0;0;22;0;1;0;
ldp;188;14;187;18;0;0;0;0;1;0;0;0;0;0;30;30;30;6;6;11;0;29;11;9;0;4;0;0;1;0;0;0;0;0;0;0;0;0;0;0;0;0;0;0;0;0;1;0;0;0;0;0;0;0;0;0;0;0;0;0;0;0;0;0;0;0;0;0;0;0;0;0;0;0;0;0;0;0;0;0;0;
lemon;986;31;1189;54;13;13;0;0;1;0;0;0;0;0;198;421;70;52;1;48;18;0;47;35;0;0;0;0;1;29;7;47;0;0;0;3;0;18;18;3;2;64;5;1;0;2;0;4;0;1;2;0;10;0;1;0;0;0;0;0;0;0;0;0;0;0;0;0;0;0;0;0;0;0;0;0;0;0;0;0;0;
lexdcp;109;15;91;0;4;4;0;0;0;0;0;0;0;0;10;39;9;0;0;3;3;4;3;0;0;0;0;0;1;4;0;3;0;1;1;0;0;0;0;0;0;0;2;0;0;0;0;0;0;0;0;0;0;0;0;0;0;0;0;0;0;0;0;0;0;0;0;0;0;0;0;0;0;0;0;0;0;0;0;0;0;
lexinfo;5081;29;5395;0;193;193;0;0;0;0;0;0;0;0;1497;338;376;195;0;51;142;595;0;0;0;0;0;0;1;279;9;149;272;315;14;1;110;101;101;0;0;0;0;0;275;3;0;31;29;0;0;15;21;85;0;0;0;2;0;0;0;0;2;0;0;0;0;0;0;0;0;0;0;0;0;0;0;0;0;0;0;
lh;264;12;276;0;0;0;0;0;0;0;0;0;0;0;60;59;0;27;0;28;2;0;30;0;0;0;0;0;1;27;6;26;9;1;0;0;0;0;0;0;0;0;0;0;0;0;0;0;0;0;0;0;0;0;0;0;0;0;0;0;0;0;0;0;0;0;0;0;0;0;0;0;0;0;0;0;0;0;0;0;0;
lime;528;27;540;0;26;26;0;0;0;0;0;0;0;0;58;200;49;15;0;19;2;25;20;2;0;0;0;0;1;18;12;10;0;1;2;0;0;11;11;3;0;0;11;0;0;2;0;2;0;0;0;0;0;0;0;0;0;7;0;0;0;5;1;0;0;0;0;0;0;0;0;0;0;0;0;0;0;0;0;1;0;
lingvo;861;18;804;0;0;0;0;0;0;0;0;0;0;0;49;298;286;3;2;40;3;15;36;0;0;0;0;0;1;3;4;40;0;1;0;3;4;0;0;0;0;0;0;0;0;0;0;0;0;0;0;0;0;0;0;0;0;0;15;0;0;0;0;0;0;0;0;0;0;0;0;0;0;1;0;0;0;0;0;0;0;
lio;165;17;208;0;0;0;0;0;0;0;0;0;0;0;48;21;22;1;0;7;1;20;18;0;0;0;0;0;1;4;10;26;0;0;5;2;2;0;0;0;0;0;0;2;0;0;18;0;0;0;0;0;0;0;0;0;0;0;0;0;0;0;0;0;0;0;0;0;0;0;0;0;0;0;0;0;0;0;0;0;0;
lmm1;305;23;400;0;15;15;0;0;0;0;0;0;0;0;95;23;18;20;0;9;57;0;9;0;0;0;0;0;1;26;0;55;1;1;0;5;6;12;12;0;1;0;6;0;0;0;0;0;10;0;0;0;2;1;0;0;0;0;0;0;0;0;0;0;0;0;0;0;0;0;0;0;0;0;0;0;0;0;0;0;0;
lmm2;305;25;402;0;8;8;0;0;0;0;0;0;0;0;97;31;20;56;0;7;7;0;7;0;0;0;0;0;1;45;0;24;1;1;0;3;0;26;26;0;1;3;3;0;0;3;0;0;19;0;3;0;1;1;0;0;0;0;0;0;0;0;0;0;0;0;0;0;0;0;0;0;0;0;0;0;0;0;0;0;0;
log;86;8;114;22;0;0;0;0;0;0;0;0;0;0;27;10;23;0;0;12;0;3;10;7;0;0;0;0;0;0;0;0;0;0;0;0;0;0;0;0;0;0;0;0;0;0;0;0;0;0;0;0;0;0;0;0;0;0;0;0;0;0;0;0;0;0;0;0;0;0;0;0;0;0;0;0;0;0;0;0;0;
lslife;510;26;604;0;39;39;0;0;0;0;0;0;0;0;138;67;2;17;0;7;1;1;6;0;0;0;0;0;1;46;18;21;0;1;0;2;26;52;52;0;0;0;0;0;0;0;0;5;44;0;0;0;0;13;0;0;0;2;0;0;0;2;1;0;0;0;0;0;0;0;0;0;0;0;0;0;0;1;0;0;0;
lsmap;85;9;77;0;0;0;0;0;0;0;0;0;0;0;19;3;0;29;0;0;5;1;0;0;0;0;0;0;1;17;0;1;0;1;0;0;0;0;0;0;0;0;0;0;0;0;0;0;0;0;0;0;0;0;0;0;0;0;0;0;0;0;0;0;0;0;0;0;0;0;0;0;0;0;0;0;0;0;0;0;0;
lsweb;531;26;614;0;21;21;0;0;0;0;0;0;0;0;139;72;28;25;0;29;6;1;30;0;0;0;0;0;1;44;16;17;0;1;2;0;20;36;36;0;0;0;0;0;12;0;0;1;19;0;0;0;0;5;0;0;0;10;0;0;0;16;0;0;0;0;0;0;0;0;0;0;0;0;0;0;0;6;0;0;0;
lswmo;83;17;86;0;5;5;0;0;0;0;0;0;0;0;21;11;4;0;0;0;0;1;0;0;0;0;0;0;1;6;3;4;0;1;1;0;3;6;6;0;0;0;0;0;0;0;0;0;6;0;0;0;0;2;0;0;0;0;0;0;0;0;0;0;0;0;0;0;0;0;0;0;0;0;0;0;0;0;0;0;0;
lswpm;2536;24;2887;0;209;209;0;0;0;0;0;0;0;0;548;108;1;99;0;0;0;1;0;0;82;0;0;0;1;112;5;1;0;1;0;0;268;325;325;0;0;0;0;0;11;0;0;0;67;0;0;176;0;10;0;0;0;0;0;0;0;82;0;0;0;0;0;0;0;0;0;82;82;0;0;0;0;82;0;0;0;
ludo;23;4;9;0;0;0;0;0;0;0;0;0;0;0;5;0;1;0;0;0;0;0;0;0;0;0;0;0;2;0;0;0;0;1;0;0;0;0;0;0;0;0;0;0;0;0;0;0;0;0;0;0;0;0;0;0;0;0;0;0;0;0;0;0;0;0;0;0;0;0;0;0;0;0;0;0;0;0;0;0;0;
ludo-gm;950;20;1000;0;37;37;0;0;0;0;0;0;0;0;147;130;131;64;0;66;0;127;60;0;0;0;0;0;2;64;25;43;42;1;0;0;0;0;0;1;0;4;0;0;0;0;0;0;0;0;0;0;0;0;0;0;0;0;0;0;0;0;0;0;0;0;0;0;9;9;0;0;0;0;0;0;0;0;1;0;0;
ludo-gp;260;14;274;0;0;0;0;0;0;0;0;0;0;0;41;35;37;39;0;11;0;35;7;0;0;0;0;0;2;24;7;5;23;1;0;0;0;0;0;0;0;7;0;0;0;0;0;0;0;0;0;0;0;0;0;0;0;0;0;0;0;0;0;0;0;0;0;0;0;0;0;0;0;0;0;0;0;0;0;0;0;
ludo-vc;120;13;115;0;0;0;0;0;0;0;0;0;0;0;20;15;16;6;0;10;0;15;10;0;0;0;0;0;2;5;6;4;5;1;0;0;0;0;0;0;0;0;0;0;0;0;0;0;0;0;0;0;0;0;0;0;0;0;0;0;0;0;0;0;0;0;0;0;0;0;0;0;0;0;0;0;0;0;0;0;0;
ludo-xapi;732;13;763;0;0;0;0;0;0;0;0;0;0;0;116;111;112;41;0;56;0;111;61;0;0;0;0;0;2;41;34;36;41;1;0;0;0;0;0;0;0;0;0;0;0;0;0;0;0;0;0;0;0;0;0;0;0;0;0;0;0;0;0;0;0;0;0;0;0;0;0;0;0;0;0;0;0;0;0;0;0;
lvont;212;18;231;0;0;0;0;0;0;0;0;0;1;0;42;42;34;1;9;10;11;0;13;0;0;0;0;5;1;6;8;23;0;1;0;13;0;0;0;0;4;0;0;0;0;0;7;0;0;0;0;0;0;0;0;0;0;0;0;0;0;0;0;0;0;0;0;0;0;0;0;0;0;0;0;0;0;0;0;0;0;
m3lite;2399;20;2968;0;0;0;0;0;0;0;0;0;0;0;584;466;460;556;100;5;1;1;2;0;0;0;0;0;1;460;0;5;0;2;16;0;1;102;102;0;0;0;0;0;0;0;0;0;100;0;0;0;0;0;0;0;0;2;0;0;0;0;0;0;0;0;0;0;0;0;0;0;0;0;0;0;0;0;0;2;0;
m4i;1371;35;916;0;28;28;0;0;0;0;0;0;0;0;246;5;35;42;26;69;32;22;70;0;14;0;0;0;1;42;37;55;3;1;31;20;1;18;18;0;0;0;10;5;21;0;0;9;4;1;2;0;3;0;0;0;0;0;6;0;0;0;0;0;0;0;0;0;0;0;0;5;5;0;0;0;0;0;0;0;1;
ma-ont;339;18;442;0;4;4;0;0;0;0;0;0;0;0;105;0;80;8;0;25;24;0;42;0;0;0;0;0;1;18;29;56;0;1;1;21;0;0;0;0;0;19;0;0;0;0;0;0;0;0;0;0;0;2;0;0;0;0;0;0;0;0;0;0;2;0;0;0;0;0;0;0;0;0;0;0;0;0;0;0;0;
mdr;99;14;78;0;0;0;0;0;0;0;0;0;0;0;15;12;12;4;0;4;0;12;4;0;0;0;0;0;1;6;0;4;0;1;0;0;1;0;0;0;0;0;0;0;0;0;0;0;0;0;0;0;0;0;0;0;0;0;1;0;0;0;0;0;0;0;0;0;0;0;0;0;0;1;0;0;0;0;0;0;0;
medred;302;26;346;0;7;7;0;0;6;0;0;0;0;0;52;36;39;23;37;17;4;36;17;0;2;0;0;0;1;26;6;14;0;1;0;1;1;2;2;0;0;2;3;0;2;0;0;0;2;0;0;0;0;0;0;0;0;0;0;0;0;0;0;0;0;0;0;0;0;0;0;0;0;0;0;0;0;0;0;0;0;
mil;11430;28;7591;0;1;1;0;0;1;0;0;0;0;0;1734;4608;2;0;0;8;4;789;12;0;0;0;0;214;1;142;5;14;1;2;0;2;4;0;0;2;0;7;0;0;0;0;1;0;0;0;0;0;0;0;1;0;0;0;12;9;0;0;0;0;0;0;1;12;0;0;0;0;0;1;0;0;0;0;0;0;0;
mo;2141;28;1919;0;121;121;0;0;0;0;0;0;0;0;286;187;196;59;1;128;81;221;132;0;0;0;0;0;1;92;35;130;1;1;2;35;6;6;6;5;2;2;32;0;0;0;24;0;6;0;0;0;0;0;0;0;0;0;0;0;0;0;0;0;0;0;0;0;0;0;0;0;0;0;0;0;0;0;0;0;0;
mod;1616;26;2045;0;47;47;0;0;0;0;0;0;0;0;372;330;310;39;5;222;51;3;157;5;11;36;0;0;1;94;111;149;10;5;4;8;0;0;0;1;0;0;22;0;0;0;0;0;0;1;0;0;0;0;0;0;0;0;4;0;0;0;0;0;0;0;0;0;0;0;0;0;0;0;0;0;0;0;0;0;0;
mrel;899;3;300;0;0;0;0;0;0;0;0;0;0;0;298;1;1;0;0;0;0;0;0;0;0;0;0;0;0;0;0;0;0;0;0;0;0;0;0;0;0;0;0;0;0;0;0;0;0;0;0;0;0;0;0;0;0;0;0;0;0;0;0;0;0;0;0;0;0;0;0;0;0;0;0;0;0;0;0;0;0;
msm;104;12;89;9;0;0;0;0;0;0;0;0;0;0;15;17;0;1;0;8;5;16;11;4;0;0;0;0;1;0;0;0;0;1;0;0;0;0;0;0;0;0;0;1;0;0;0;0;0;0;0;0;0;0;0;0;0;0;0;0;0;0;0;0;0;0;0;0;0;0;0;0;0;0;0;0;0;0;0;0;0;
munc;100;14;107;0;0;0;0;0;0;0;0;0;0;0;24;20;11;1;1;12;2;0;13;0;0;0;0;0;1;8;0;11;0;0;0;0;0;0;0;0;1;0;0;1;0;0;0;0;0;0;0;0;0;0;0;0;0;0;0;0;0;0;0;0;0;0;0;0;0;0;1;0;0;0;0;0;0;0;0;0;0;
music;1087;21;1172;0;0;0;0;0;0;0;0;0;0;0;245;169;176;126;1;23;24;166;16;0;0;0;0;0;2;112;11;23;4;1;0;1;3;22;22;0;0;0;0;0;0;0;0;0;22;0;0;0;0;0;0;0;0;0;0;0;0;0;0;0;0;0;0;3;0;0;0;0;0;0;0;0;0;0;0;0;0;
nas;662;23;836;0;4;4;0;0;0;0;0;0;0;0;168;127;131;60;0;78;0;0;78;0;1;0;0;0;1;54;45;32;7;1;0;0;0;4;4;29;1;0;1;0;0;4;0;0;0;1;0;0;0;0;1;0;0;0;0;0;0;0;0;0;0;0;0;0;0;0;0;0;0;0;0;0;0;0;0;0;0;
nen2660;1647;27;989;38;76;76;11;0;0;0;0;0;0;0;343;0;0;62;94;38;5;0;36;45;0;0;0;0;3;53;1;36;0;0;1;0;0;17;17;0;0;0;8;0;0;13;0;1;0;0;1;0;0;0;2;0;0;2;0;0;0;2;0;0;0;0;0;0;4;4;0;0;0;0;0;0;0;0;0;0;0;
nen3610;809;9;275;0;0;0;0;0;0;0;0;0;0;0;67;63;59;22;0;0;0;25;0;0;0;0;0;0;4;25;9;1;0;0;0;0;0;0;0;0;0;0;0;0;0;0;0;0;0;0;0;0;0;0;0;0;0;0;0;0;0;0;0;0;0;0;0;0;0;0;0;0;0;0;0;0;0;0;0;0;0;
ngeo;124;17;128;0;0;0;0;0;0;0;0;0;0;0;25;22;21;10;0;9;2;0;9;0;0;0;0;0;1;10;1;10;0;0;1;0;0;2;2;0;0;0;0;0;0;0;0;0;1;0;0;0;0;0;0;0;0;1;0;0;0;1;0;0;0;0;0;0;0;0;0;0;0;0;0;0;0;0;0;0;0;
nif;468;28;551;0;3;3;0;0;0;0;0;0;0;0;98;62;71;18;0;39;15;3;49;0;0;0;0;0;1;21;17;31;0;71;4;4;0;6;6;10;0;0;0;7;0;1;0;3;1;0;0;0;0;0;0;0;0;0;0;0;0;0;0;0;1;0;0;0;1;4;0;0;0;0;0;0;1;0;0;0;0;
nrv;257;18;287;0;16;16;0;0;0;0;0;0;0;0;47;45;44;36;1;7;2;0;6;36;0;0;0;0;1;0;0;9;0;0;0;0;0;0;0;0;0;12;1;0;0;0;0;0;0;0;0;0;0;1;0;0;0;0;0;0;0;0;0;0;0;0;0;0;0;0;0;0;0;0;0;6;0;0;1;0;0;
ntag;560;17;592;18;2;2;0;0;0;0;0;0;0;0;45;220;217;25;0;7;16;0;7;0;0;0;0;1;1;26;0;0;0;1;0;0;2;0;0;0;0;1;1;0;0;0;0;0;0;0;0;0;0;0;0;0;0;0;0;0;0;0;0;0;0;0;0;0;0;0;0;0;0;0;0;0;0;0;0;0;0;
oa;334;13;378;29;0;0;0;0;0;0;0;0;0;0;71;67;68;14;1;19;0;67;17;21;0;2;0;0;1;0;0;0;0;1;0;0;0;0;0;0;0;0;0;0;0;0;0;0;0;0;0;0;0;0;0;0;0;0;0;0;0;0;0;0;0;0;0;0;0;0;0;0;0;0;0;0;0;0;0;0;0;
obo;110282;50;98185;0;10059;10059;0;0;0;0;0;0;0;0;19808;5400;69;8579;20;52;67;69;52;0;7;0;0;0;1;9661;8;97;25;1;71;27;1058;9201;9201;7;1;42;120;6;306;82;2;8;8966;0;1;132;8;4611;4;2;2;4;123;0;0;4;1;1;22;126;0;0;5;5;0;0;0;0;0;0;0;0;0;0;2;
obws;55;16;57;0;0;0;0;0;0;0;0;0;0;0;14;6;6;4;0;2;2;0;2;0;0;0;0;0;1;5;1;5;0;0;0;1;0;2;2;0;0;0;0;0;0;0;0;0;0;0;0;0;0;0;0;0;0;2;0;0;0;2;0;0;0;0;0;0;0;0;0;0;0;0;0;0;0;0;0;0;0;
odpart;51;17;64;0;0;0;0;0;0;0;0;0;0;0;17;6;4;2;0;2;0;5;2;0;0;0;0;0;1;2;0;2;0;3;10;1;0;2;2;0;0;1;0;0;0;0;0;0;2;0;0;0;0;0;0;0;0;0;0;0;0;0;0;0;0;0;0;0;0;0;0;0;0;0;0;0;0;0;0;0;0;
odrl;2158;26;1603;58;44;44;0;0;0;0;0;0;0;0;625;216;1;14;0;30;22;215;35;26;1;0;0;1;1;45;4;46;1;1;16;0;0;0;0;0;0;41;16;1;58;0;0;0;0;0;0;0;0;0;0;0;0;0;41;0;0;0;0;0;0;0;0;0;0;0;0;0;0;0;0;0;0;0;0;0;0;
ofo;315;24;361;0;10;10;0;0;0;0;0;0;0;0;69;51;50;4;0;27;11;0;32;0;0;0;0;0;1;11;6;32;0;1;12;16;0;2;2;3;0;0;0;0;1;0;0;0;0;1;0;0;0;0;0;0;0;2;0;0;0;0;2;0;0;0;0;0;0;0;0;0;0;0;0;0;0;0;0;0;5;
ofrd;702;13;443;0;0;0;0;0;0;0;0;0;0;0;108;68;63;8;0;30;30;62;30;0;0;0;0;0;1;8;18;12;0;0;5;0;0;0;0;0;0;0;0;0;0;0;0;0;0;0;0;0;0;0;0;0;0;0;0;0;0;0;0;0;0;0;0;0;0;0;0;0;0;0;0;0;0;0;0;0;0;
olca;82;15;83;5;0;0;0;0;0;0;0;0;0;0;18;7;7;0;1;1;0;0;0;5;0;0;0;0;1;7;5;6;0;1;17;0;0;0;0;0;0;0;0;0;1;0;0;0;0;0;0;0;0;0;0;0;0;0;0;0;0;0;0;0;0;0;0;0;0;0;0;0;0;1;0;0;0;0;0;0;0;
olo;101;22;112;7;0;0;0;0;0;0;0;0;0;0;25;9;9;7;0;6;0;9;7;2;0;0;0;0;1;2;2;1;2;1;0;2;0;5;5;4;0;0;0;0;0;0;0;2;0;1;3;0;0;0;0;0;0;0;0;0;0;0;0;0;0;0;0;0;0;0;0;0;0;0;0;0;0;0;0;0;0;
omg;152;22;169;0;5;5;0;0;0;0;0;0;0;0;35;24;20;4;3;11;7;0;11;0;0;0;0;0;1;7;2;17;3;1;2;0;0;0;0;1;0;5;0;0;0;0;0;0;0;2;0;0;0;0;0;0;0;0;0;0;0;0;0;0;0;0;0;0;0;0;0;0;0;1;0;0;0;0;0;0;2;
ont;43;8;47;8;0;0;0;0;0;0;0;0;0;0;9;9;2;0;2;0;8;8;0;0;0;0;0;0;0;0;0;0;0;1;0;0;0;0;0;0;0;0;0;0;0;0;0;0;0;0;0;0;0;0;0;0;0;0;0;0;0;0;0;0;0;0;0;0;0;0;0;0;0;0;0;0;0;0;0;0;0;
ontolex;589;33;604;0;8;8;0;0;0;0;0;0;0;0;58;294;57;15;0;18;5;29;19;0;1;5;0;0;1;18;4;20;2;1;2;6;1;6;6;3;0;0;2;0;0;0;0;1;0;2;0;0;0;0;0;0;0;4;0;0;0;1;3;0;0;0;0;0;0;0;0;0;0;0;0;0;0;1;0;1;2;
ontopic;263;23;343;0;0;0;0;0;0;0;0;0;0;0;81;32;17;26;0;13;21;0;13;0;0;0;0;0;1;22;0;33;1;2;0;9;1;20;20;0;3;6;0;2;0;7;0;1;11;0;0;0;1;0;0;0;0;0;0;0;0;0;0;0;0;0;0;0;0;0;0;0;0;0;0;0;0;0;0;0;0;
ore;78;12;87;8;0;0;0;0;0;0;0;0;0;0;12;14;13;2;1;7;2;12;8;4;0;0;0;0;0;0;0;0;0;0;0;4;0;0;0;0;0;0;0;0;0;0;0;0;0;0;0;0;0;0;0;0;0;0;0;0;0;0;0;0;0;0;0;0;0;0;0;0;0;0;0;0;0;0;0;0;0;
org;748;31;797;36;11;11;0;0;0;0;0;0;0;0;97;189;227;8;1;30;9;45;35;9;0;0;0;0;1;13;2;31;0;1;1;16;2;1;1;2;0;10;3;1;0;1;1;0;0;0;0;0;0;1;0;0;0;0;0;0;0;0;0;0;0;0;0;0;0;0;0;0;0;0;0;0;0;0;0;0;1;
oslo;841;20;811;90;0;0;0;0;0;0;0;0;0;0;141;118;123;12;6;78;21;106;61;25;0;0;0;0;1;10;1;11;1;1;0;2;1;0;0;2;0;0;0;0;0;0;0;0;0;0;0;0;0;0;0;0;0;0;0;0;0;0;0;0;0;0;0;0;0;0;0;0;0;0;0;0;0;0;0;0;0;
owl;450;67;940;52;0;0;0;0;10;0;0;0;0;0;81;77;78;25;2;51;0;80;51;33;7;20;0;6;16;15;7;16;18;7;10;6;6;6;19;5;5;6;6;5;5;6;6;6;6;5;6;6;6;6;6;6;6;6;6;6;5;6;6;5;6;6;5;5;5;6;5;6;6;7;5;6;6;6;6;6;6;
p-plan;154;18;170;0;0;0;0;0;0;0;0;0;0;0;41;18;3;10;0;14;1;25;14;0;0;0;0;0;1;11;0;14;2;1;7;2;0;0;0;3;0;0;0;1;2;0;0;0;0;0;0;0;0;0;0;0;0;0;0;0;0;0;0;0;0;0;0;0;0;0;0;0;0;0;0;0;0;0;0;0;0;
pav;344;21;359;0;0;0;0;0;0;0;0;0;0;0;63;49;31;0;63;9;26;42;0;0;0;0;0;2;1;0;11;29;0;1;4;2;0;0;0;0;1;0;0;1;6;0;15;0;0;0;0;0;0;0;0;0;0;0;1;0;1;0;0;0;0;0;0;0;0;0;0;0;0;1;0;0;0;0;0;0;0;
pbo;134;20;128;0;6;6;0;0;0;0;0;0;0;0;20;15;14;9;0;5;6;13;6;0;0;0;0;0;1;10;0;8;1;1;0;1;0;1;1;0;0;0;3;0;0;0;0;0;0;0;0;0;1;0;0;0;0;0;0;0;0;0;0;0;0;0;0;0;0;0;0;0;0;0;0;0;0;0;0;0;0;
pc;486;22;530;0;2;2;0;0;0;0;0;0;0;0;91;96;96;3;2;42;19;48;36;0;0;0;0;0;1;7;11;31;0;0;0;0;2;4;4;26;0;0;1;0;0;0;2;0;0;0;0;4;0;0;0;0;0;0;0;0;0;0;0;0;0;0;0;0;0;0;0;0;0;0;0;0;0;0;0;0;0;
peco;163;17;178;0;0;0;0;0;0;0;0;0;0;0;53;23;21;7;0;4;1;14;4;0;1;0;0;0;1;14;1;8;0;1;20;0;0;0;0;0;0;0;0;0;4;0;0;0;0;0;0;0;0;0;0;0;0;0;0;0;0;0;0;0;0;0;0;0;0;0;0;0;0;1;0;0;0;0;0;0;0;
pmofn;236;26;274;0;17;17;0;0;0;0;0;0;0;0;53;39;1;13;0;18;25;1;19;0;0;0;0;0;1;11;0;29;0;1;0;2;0;6;6;1;3;0;1;0;0;5;0;0;0;1;0;0;1;0;0;0;0;0;0;0;0;0;0;0;0;0;0;0;0;1;0;0;0;0;0;1;0;0;1;0;0;
pmonb;150;25;174;0;19;19;0;0;0;0;0;0;0;0;58;9;2;10;0;3;0;1;2;0;0;0;0;0;1;9;1;2;0;1;0;1;1;3;3;2;0;1;1;0;20;2;0;0;1;0;0;0;0;0;2;0;0;0;0;0;0;0;0;0;0;0;0;0;0;0;0;0;0;0;0;0;0;0;0;0;0;
pmopb;332;25;409;0;50;50;0;0;0;0;0;0;0;0;139;22;2;16;0;9;0;1;8;0;0;0;0;0;1;22;1;8;0;1;0;1;1;3;3;8;0;3;2;0;48;2;0;0;1;0;0;0;0;0;7;0;0;0;0;0;0;0;0;0;0;0;0;0;0;0;0;0;0;0;0;0;0;0;0;0;0;
pmovn;1163;35;1334;0;133;133;0;0;0;0;0;0;0;0;388;184;17;65;0;13;5;1;13;0;0;0;0;0;1;52;8;8;6;1;4;1;5;41;41;7;0;0;5;0;134;22;0;4;8;0;0;1;0;3;6;0;0;3;0;0;0;8;0;0;2;0;0;0;0;0;0;0;0;0;0;8;0;3;0;0;0;
pproc;1635;31;1947;0;41;41;0;0;0;0;0;0;0;0;376;537;169;62;6;123;34;47;123;0;2;0;0;2;1;97;81;78;0;3;0;0;0;8;8;58;0;2;5;0;23;0;0;0;3;1;0;4;0;0;0;0;0;1;0;0;0;0;0;0;0;0;0;0;5;5;0;0;0;0;0;0;0;0;0;1;0;
pr;64;13;59;10;0;0;0;0;0;0;0;0;0;0;8;7;7;1;0;6;0;7;6;3;0;1;0;0;1;0;0;0;1;1;0;0;0;0;0;0;0;0;0;0;0;0;0;0;0;0;0;0;0;0;0;0;0;0;0;0;0;0;0;0;0;0;0;0;0;0;0;0;0;0;0;0;0;0;0;0;0;
premis;1429;28;1565;0;62;62;0;0;0;0;0;0;0;0;303;1;352;55;40;104;3;1;106;0;0;0;0;0;1;63;51;54;1;2;1;0;0;72;72;57;0;0;16;0;0;0;0;32;0;4;20;16;4;10;0;0;0;0;0;0;0;0;0;0;0;0;0;0;0;0;0;0;0;0;0;0;0;0;0;0;0;
prissma;106;13;107;9;0;0;0;0;0;0;0;0;0;0;26;17;16;6;0;6;0;0;9;7;0;0;0;0;1;7;1;0;1;1;0;0;0;0;0;0;0;0;0;0;0;0;0;0;0;0;0;0;0;0;0;0;0;0;0;0;0;0;0;0;0;0;0;0;0;0;0;0;0;0;0;0;0;0;0;0;0;
prof;78;14;61;0;0;0;0;0;0;0;0;0;0;0;13;12;1;2;0;8;4;1;6;0;0;0;0;0;1;3;1;6;0;1;2;0;0;0;0;0;0;0;0;0;0;0;0;0;0;0;0;0;0;0;0;0;0;0;0;0;0;0;0;0;0;0;0;0;0;0;0;0;0;0;0;0;0;0;0;0;0;
prov;1719;30;1320;0;51;51;0;0;0;0;0;0;0;0;176;172;111;55;27;62;53;229;65;0;0;0;0;0;8;59;9;60;3;3;22;47;0;7;7;2;0;4;8;0;1;0;0;4;0;0;1;0;2;0;0;0;0;0;0;0;0;0;0;0;0;8;0;0;0;0;0;0;0;0;0;0;0;0;0;0;13;
provoc;181;15;222;0;0;0;0;0;0;0;0;0;0;0;53;0;36;7;0;22;6;0;39;0;0;0;0;0;1;17;13;19;2;1;3;0;2;0;0;0;0;0;0;0;0;0;1;0;0;0;0;0;0;0;0;0;0;0;0;0;0;0;0;0;0;0;0;0;0;0;0;0;0;0;0;0;0;0;0;0;0;
prv;297;28;365;0;6;6;0;0;0;0;0;0;0;0;95;34;33;20;2;11;10;33;13;0;0;0;0;0;1;32;8;30;2;0;1;1;0;2;2;2;0;6;2;0;0;0;1;0;0;0;2;0;0;0;0;0;0;0;0;0;0;0;0;0;0;0;4;5;0;0;0;0;0;0;0;0;0;0;0;0;1;
prvt;115;17;133;0;0;0;0;0;0;0;0;0;2;0;25;17;11;23;0;1;0;16;1;0;0;0;0;0;1;20;0;1;0;0;0;0;1;2;2;0;0;8;0;0;0;1;0;0;1;0;0;0;0;0;0;0;0;0;0;0;0;0;0;0;0;0;0;0;0;0;0;0;0;0;0;0;0;0;0;0;0;
pso;312;27;394;0;2;2;0;0;0;0;0;0;0;0;130;59;60;11;4;4;8;0;4;0;0;0;0;0;1;13;3;15;1;2;9;4;0;6;6;1;0;0;0;0;41;2;0;1;3;0;0;0;0;1;0;0;0;0;0;0;0;0;0;0;0;0;0;0;0;0;0;0;0;1;0;0;0;0;0;0;0;
pwo;263;28;299;0;20;20;0;0;0;0;0;0;0;0;84;20;21;12;0;5;7;0;6;0;0;0;0;0;1;17;2;28;0;2;10;7;0;9;9;1;0;0;2;0;0;2;0;0;6;0;0;0;0;2;0;0;0;1;0;0;0;1;0;0;1;0;0;0;0;0;0;0;0;1;0;0;0;0;0;0;2;
qu;735;31;824;0;46;46;0;0;0;0;0;0;0;0;151;55;60;27;56;34;2;55;0;0;0;0;0;0;1;32;12;21;1;0;14;2;0;46;46;3;0;0;0;0;0;5;0;0;6;0;0;0;0;10;0;0;0;9;0;0;16;24;0;5;0;0;0;0;1;1;0;0;0;0;0;0;0;26;0;11;0;
r-arco;2123;32;2474;0;44;44;0;0;0;0;0;0;0;0;456;244;232;165;0;71;55;107;70;0;0;0;0;0;1;128;45;117;4;245;8;22;3;123;123;20;0;3;3;0;4;89;0;0;30;0;4;0;0;0;1;0;0;0;0;0;0;0;0;0;0;0;0;0;6;6;0;0;0;0;0;0;0;0;0;0;1;
radion;212;11;134;5;0;0;0;0;0;0;0;0;0;0;9;39;34;0;3;5;0;33;2;2;0;0;0;0;1;0;0;0;0;1;0;0;0;0;0;0;0;0;0;0;0;0;0;0;0;0;0;0;0;0;0;0;0;0;0;0;0;0;0;0;0;0;0;0;0;0;0;0;0;0;0;0;0;0;0;0;0;
rains;1471;24;1775;0;173;173;0;0;0;0;0;0;0;0;315;107;113;214;0;12;1;0;15;0;0;0;0;0;1;155;13;14;0;1;9;3;0;112;112;8;0;55;51;0;0;112;0;0;0;0;0;0;0;0;0;0;0;0;0;0;0;0;0;0;0;0;0;0;3;3;0;0;0;0;0;0;0;0;0;0;0;
rb;296;18;347;0;0;0;0;0;0;0;0;0;0;0;73;62;61;21;5;24;15;0;14;0;0;0;0;0;1;26;16;13;0;0;0;1;0;2;2;0;0;0;0;2;7;0;0;0;2;0;0;0;0;0;0;0;0;0;0;0;0;0;0;0;0;0;0;0;0;0;0;0;0;0;0;0;0;0;0;0;0;
rbdoc;170;9;99;0;0;0;0;0;0;0;0;0;0;0;43;10;6;0;0;3;0;0;0;0;0;0;0;0;1;1;0;2;0;0;29;0;0;0;0;0;0;0;0;0;4;0;0;0;0;0;0;0;0;0;0;0;0;0;0;0;0;0;0;0;0;0;0;0;0;0;0;0;0;0;0;0;0;0;0;0;0;
rdafrbr;76;4;50;0;0;0;0;0;0;0;0;0;0;0;15;0;0;7;0;0;0;14;0;0;0;0;0;0;0;14;0;0;0;0;0;0;0;0;0;0;0;0;0;0;0;0;0;0;0;0;0;0;0;0;0;0;0;0;0;0;0;0;0;0;0;0;0;0;0;0;0;0;0;0;0;0;0;0;0;0;0;
rdag1;3955;11;2554;456;0;0;0;0;0;0;0;0;0;0;467;466;6;9;0;11;415;466;247;0;1;0;0;0;0;10;0;0;0;0;0;0;0;0;0;0;0;0;0;0;0;0;0;0;0;0;0;0;0;0;0;0;0;0;0;0;0;0;0;0;0;0;0;0;0;0;0;0;0;0;0;0;0;0;0;0;0;
rdag2;493;7;312;59;0;0;0;0;0;0;0;0;0;0;60;59;0;0;0;1;18;59;56;0;0;0;0;0;0;0;0;0;0;0;0;0;0;0;0;0;0;0;0;0;0;0;0;0;0;0;0;0;0;0;0;0;0;0;0;0;0;0;0;0;0;0;0;0;0;0;0;0;0;0;0;0;0;0;0;0;0;
rdag3;113;6;88;16;0;0;0;0;0;0;0;0;0;0;17;16;0;0;0;0;7;16;16;0;0;0;0;0;0;0;0;0;0;0;0;0;0;0;0;0;0;0;0;0;0;0;0;0;0;0;0;0;0;0;0;0;0;0;0;0;0;0;0;0;0;0;0;0;0;0;0;0;0;0;0;0;0;0;0;0;0;
rdarel;3944;6;2654;508;0;0;0;0;0;0;0;0;0;0;509;0;17;0;0;0;777;508;335;0;0;0;0;0;0;0;0;0;0;0;0;0;0;0;0;0;0;0;0;0;0;0;0;0;0;0;0;0;0;0;0;0;0;0;0;0;0;0;0;0;0;0;0;0;0;0;0;0;0;0;0;0;0;0;0;0;0;
rdarel2;303;6;202;36;0;0;0;0;0;0;0;0;0;0;37;36;0;0;0;0;25;36;32;0;0;0;0;0;0;0;0;0;0;0;0;0;0;0;0;0;0;0;0;0;0;0;0;0;0;0;0;0;0;0;0;0;0;0;0;0;0;0;0;0;0;0;0;0;0;0;0;0;0;0;0;0;0;0;0;0;0;
rdarole;1843;7;1282;250;0;0;0;0;0;0;0;0;0;0;251;246;3;0;0;0;158;250;124;0;0;0;0;0;0;0;0;0;0;0;0;0;0;0;0;0;0;0;0;0;0;0;0;0;0;0;0;0;0;0;0;0;0;0;0;0;0;0;0;0;0;0;0;0;0;0;0;0;0;0;0;0;0;0;0;0;0;
rdf;127;23;232;14;6;6;6;5;9;6;6;6;8;5;29;22;22;12;7;7;0;22;9;8;5;11;0;0;1;0;0;0;0;0;0;0;0;0;0;0;0;0;0;0;0;0;0;0;0;0;0;0;0;0;0;0;0;0;0;0;0;0;0;0;0;0;0;0;0;0;0;0;0;0;0;0;0;0;0;0;0;
rdfa;68;12;60;7;0;0;0;0;0;0;0;0;0;0;22;0;0;10;1;0;0;1;4;3;0;0;0;0;1;3;4;3;0;1;0;0;0;0;0;0;0;0;0;0;0;0;0;0;0;0;0;0;0;0;0;0;0;0;0;0;0;0;0;0;0;0;0;0;0;0;0;0;0;0;0;0;0;0;0;0;0;
rdfg;13;7;16;2;0;0;0;0;0;0;0;0;0;0;3;3;3;0;0;2;0;0;2;1;0;0;0;0;0;0;0;0;0;0;0;0;0;0;0;0;0;0;0;0;0;0;0;0;0;0;0;0;0;0;0;0;0;0;0;0;0;0;0;0;0;0;0;0;0;0;0;0;0;0;0;0;0;0;0;0;0;
rdfs;87;15;192;14;0;0;0;0;0;0;0;0;0;0;16;21;21;11;8;15;7;22;15;16;5;15;5;0;1;0;0;0;0;0;0;0;0;0;0;0;0;0;0;0;0;0;0;0;0;0;0;0;0;0;0;0;0;0;0;0;0;0;0;0;0;0;0;0;0;0;0;0;0;0;0;0;0;0;0;0;0;
react;198;17;206;0;2;2;0;0;0;0;0;0;0;0;49;25;25;3;0;1;0;25;23;0;0;0;0;0;1;5;23;1;0;2;17;0;0;0;0;0;0;0;1;0;1;0;0;0;0;0;0;0;0;0;0;0;0;0;0;0;0;0;0;0;0;0;0;0;0;0;0;0;0;0;0;0;0;0;0;0;0;
rec;103;19;107;8;2;2;0;0;0;0;0;0;0;0;21;10;10;3;0;6;5;10;8;2;0;0;0;0;1;3;0;7;4;1;0;3;0;0;0;0;0;0;1;0;0;0;0;0;0;0;0;0;0;0;0;0;0;0;0;0;0;0;0;0;0;0;0;0;0;0;0;0;0;0;0;0;0;0;0;0;0;
rec54;135;9;97;0;0;0;0;0;0;0;0;0;0;0;1;44;4;27;6;1;4;0;9;1;0;0;0;0;0;0;0;0;0;0;0;0;0;0;0;0;0;0;0;0;0;0;0;0;0;0;0;0;0;0;0;0;0;0;0;0;0;0;0;0;0;0;0;0;0;0;0;0;0;0;0;0;0;0;0;0;0;
rico;7511;31;7305;0;393;393;286;0;0;0;0;0;0;0;894;602;595;234;0;485;534;593;485;0;0;0;0;0;1;218;62;423;0;1;28;406;0;123;123;0;15;6;109;0;9;33;0;0;0;0;0;0;0;0;0;0;0;90;0;0;0;12;74;0;0;0;0;0;0;0;0;0;0;1;0;0;0;0;0;4;73;
rlog;104;11;99;0;0;0;0;0;0;0;0;0;0;0;29;20;17;0;0;4;0;0;8;0;0;0;0;0;1;3;5;3;0;1;0;0;0;0;0;0;0;0;0;0;8;0;0;0;0;0;0;0;0;0;0;0;0;0;0;0;0;0;0;0;0;0;0;0;0;0;0;0;0;0;0;0;0;0;0;0;0;
ro;116;22;136;0;5;5;0;0;0;0;0;0;0;0;26;0;10;18;6;2;1;0;2;0;0;0;0;0;1;8;1;1;0;1;0;1;4;14;14;1;0;0;1;0;0;1;0;0;13;0;0;0;0;0;0;0;0;0;0;0;0;0;0;0;0;0;0;0;0;0;0;0;0;0;0;0;0;0;0;0;0;
rov;86;16;67;6;0;0;0;0;0;0;0;0;0;0;15;9;8;1;3;2;4;7;2;1;0;0;0;0;1;1;1;5;0;1;0;0;0;0;0;0;0;0;0;0;0;0;0;0;0;0;0;0;0;0;0;0;0;0;0;0;0;0;0;0;0;0;0;0;0;0;0;0;0;0;0;0;0;0;0;0;0;
rr;297;27;376;3;15;15;0;0;0;0;0;0;0;0;77;2;39;29;0;21;0;0;23;3;3;4;0;0;1;26;8;17;9;0;0;0;0;18;18;0;0;0;3;0;2;0;0;0;0;0;0;0;0;4;0;0;0;9;0;0;0;4;7;0;0;0;0;0;0;0;0;0;0;0;0;0;0;9;0;7;0;
rto;889;36;1078;0;58;58;0;0;16;0;0;0;0;0;268;93;1;92;1;49;6;0;49;0;11;0;0;0;1;58;26;22;0;1;14;1;6;42;42;26;0;5;11;0;0;2;0;0;25;7;0;0;0;0;5;0;0;8;0;0;21;0;0;21;0;0;0;0;5;5;0;0;0;0;0;0;0;7;0;15;0;
ruto;471;21;563;4;0;0;0;0;0;0;0;0;0;0;125;73;73;45;1;30;3;1;30;0;0;0;0;0;2;20;14;21;0;1;0;0;0;35;35;0;0;0;0;0;15;0;0;30;0;0;1;0;4;0;0;0;0;0;0;0;0;0;0;0;0;0;0;0;0;0;0;0;0;0;0;0;0;0;0;0;0;
s4ac;188;14;167;0;0;0;0;0;0;0;0;0;0;0;27;25;25;9;0;11;0;25;12;0;0;0;0;0;1;13;0;12;0;1;0;2;2;0;0;0;0;2;0;0;0;0;0;0;0;0;0;0;0;0;0;0;0;0;0;0;0;0;0;0;0;0;0;0;0;0;0;0;0;0;0;0;0;0;0;0;0;
s4agri;762;30;943;0;0;0;0;0;0;0;0;0;0;0;210;126;103;90;1;12;7;55;6;0;2;0;0;0;1;55;12;48;0;1;15;12;0;53;53;0;0;4;0;0;12;18;0;1;19;0;3;0;0;0;0;0;0;6;0;0;0;3;3;0;0;0;0;0;0;0;0;0;0;0;0;0;0;6;0;6;0;
s4bldg;2616;27;3162;0;4;4;0;0;4;0;0;0;0;0;667;333;335;374;59;82;0;11;0;0;1;0;0;0;1;73;83;179;0;1;13;2;0;308;308;1;0;3;2;4;0;306;0;0;0;0;0;0;0;0;0;0;0;2;0;0;0;2;0;0;0;0;0;0;0;0;0;0;0;0;0;0;0;0;0;0;0;
s4city;461;22;574;0;0;0;0;0;0;0;0;0;0;0;127;70;59;60;5;3;0;30;3;0;0;0;0;0;1;35;6;34;0;1;11;3;0;40;40;0;0;4;0;0;0;36;0;2;0;0;0;0;0;0;0;0;0;2;0;0;0;2;0;0;0;0;0;0;0;0;0;0;0;0;0;0;0;0;0;0;0;
s4ehaw;827;23;1018;0;6;6;0;0;6;0;0;0;0;0;235;171;172;30;0;90;0;3;90;0;2;0;0;0;1;65;53;39;0;1;11;0;1;2;2;0;0;0;0;0;28;2;0;0;0;0;0;0;0;0;2;0;0;0;0;0;0;0;0;0;0;0;0;0;0;0;0;0;0;0;0;0;0;0;0;0;0;
s4ener;1167;30;1417;0;51;51;0;0;0;0;0;0;0;0;295;140;140;163;1;40;4;0;0;0;4;0;0;0;1;66;40;17;0;1;9;0;0;106;106;0;0;0;1;0;20;25;0;8;0;0;23;0;4;0;9;0;0;42;0;0;0;5;19;0;0;0;0;0;0;0;0;0;0;0;0;0;0;4;0;22;0;
s4envi;658;29;815;0;0;0;0;0;0;0;0;0;0;0;193;89;80;73;1;9;0;16;0;0;0;0;0;0;1;30;12;24;0;1;10;3;0;56;56;8;1;58;0;2;24;41;0;0;1;1;0;3;0;0;0;0;0;5;0;0;0;6;0;0;0;0;0;0;0;0;0;0;0;0;0;0;0;6;0;5;0;
s4inma;459;29;567;0;5;5;0;0;0;0;0;0;0;0;122;68;68;60;1;15;12;0;0;0;0;0;0;0;1;35;11;24;2;1;14;4;0;36;36;0;0;1;1;0;0;27;0;0;3;0;0;0;0;0;0;0;0;2;0;0;0;1;0;0;0;0;0;0;1;1;0;0;0;0;0;0;0;4;0;6;0;
s4syst;116;24;134;0;4;4;0;0;0;0;0;0;0;0;30;12;12;3;1;9;0;0;9;0;0;0;0;0;1;3;0;9;0;1;12;8;0;3;0;1;1;3;0;2;0;0;0;1;2;1;0;0;0;0;0;0;0;0;0;0;0;0;0;0;0;0;0;0;0;0;0;0;0;0;0;0;0;0;0;0;2;
s4watr;999;27;1241;0;0;0;0;0;0;0;0;0;0;0;335;210;169;98;1;21;0;55;17;0;1;0;0;0;1;72;22;40;0;1;10;3;0;35;35;0;0;1;0;0;76;23;0;2;3;0;4;0;0;0;0;0;0;2;0;0;0;3;0;0;0;0;0;0;0;0;0;0;0;0;0;0;0;1;0;0;0;
s4wear;667;26;810;0;8;8;0;0;0;0;0;0;0;0;179;120;120;57;0;32;5;32;32;0;0;0;0;0;1;55;13;42;0;1;16;2;0;22;22;0;0;0;0;0;15;15;0;1;4;0;0;0;0;4;0;0;0;2;0;0;0;2;0;0;0;0;0;0;0;0;0;0;0;0;0;0;0;0;0;0;0;
san-lod;541;18;666;0;0;0;0;0;0;0;0;0;0;0;126;104;57;81;0;34;6;0;78;0;0;0;0;0;1;41;50;34;11;1;0;4;12;0;0;0;0;3;14;0;0;0;9;0;0;0;0;0;0;0;0;0;0;0;0;0;0;0;0;0;0;0;0;0;0;0;0;0;0;0;0;0;0;0;0;0;0;
saont;122;16;149;0;0;0;0;0;0;0;0;0;0;0;38;17;17;11;0;8;1;0;8;0;0;0;0;0;1;14;0;11;0;1;9;4;0;3;3;0;0;0;0;0;0;3;0;0;0;0;0;0;0;0;0;0;0;0;0;0;0;0;0;0;0;0;0;0;0;0;0;0;0;0;0;0;0;0;0;0;0;
saref;908;29;1117;0;4;4;0;0;0;0;0;0;0;0;233;131;134;147;1;30;0;0;28;0;0;0;0;0;1;83;5;35;0;1;10;7;0;79;79;0;0;4;2;0;10;41;0;1;26;0;2;0;0;0;0;0;0;9;1;0;0;2;7;0;0;0;0;0;0;0;0;0;0;0;0;0;0;0;0;0;0;
sbeo;2253;46;2738;0;155;155;0;0;0;0;0;0;0;0;530;306;306;267;1;75;0;49;83;0;7;0;0;0;1;244;31;52;4;1;14;3;5;90;90;32;5;2;49;4;33;30;0;30;8;3;8;0;1;0;5;0;0;9;14;0;2;9;2;0;0;0;0;0;0;0;1;7;7;0;0;0;0;4;2;2;0;
scip;295;18;410;0;0;0;0;0;0;0;0;0;0;0;113;51;1;4;1;23;25;49;27;1;0;1;0;0;1;30;16;58;2;0;6;1;0;0;0;0;0;0;0;0;0;0;0;0;0;0;0;0;0;0;0;0;0;0;0;0;0;0;0;0;0;0;0;0;0;0;0;0;0;0;0;0;0;0;0;0;0;
scot;342;19;377;36;0;0;0;0;0;0;0;0;1;0;79;40;39;1;1;36;13;39;36;3;0;0;0;0;1;3;12;24;0;1;0;6;0;0;0;0;0;6;0;0;0;0;0;0;0;0;0;0;0;0;0;0;0;0;0;0;0;0;0;0;0;0;0;0;0;0;0;0;0;0;0;0;0;0;0;0;0;
sd;165;10;197;19;0;0;0;0;0;0;0;0;0;0;40;38;38;6;0;17;7;0;19;11;0;0;0;0;0;0;0;0;0;0;0;0;0;0;0;0;0;0;0;0;0;0;0;0;0;2;0;0;0;0;0;0;0;0;0;0;0;0;0;0;0;0;0;0;0;0;0;0;0;0;0;0;0;0;0;0;0;
sdm;86;14;97;9;0;0;0;0;0;0;0;0;0;0;26;12;11;3;1;9;0;0;9;3;0;0;0;0;1;3;4;5;0;1;0;0;0;0;0;0;0;0;0;0;0;0;0;0;0;0;0;0;0;0;0;0;0;0;0;0;0;0;0;0;0;0;0;0;0;0;0;0;0;0;0;0;0;0;0;0;0;
sdont;966;22;1164;0;81;81;0;0;0;0;0;0;0;0;209;128;129;21;0;102;36;34;102;0;6;0;0;0;1;53;85;48;2;1;10;1;0;0;0;6;0;0;26;0;0;0;0;0;0;0;0;0;0;0;0;0;0;0;0;0;0;0;0;0;0;0;0;0;0;0;0;0;0;2;0;0;0;0;0;0;0;
seas;89;7;40;0;0;0;0;0;0;0;0;0;0;0;24;0;0;0;0;0;0;0;0;0;0;0;0;0;1;2;1;0;0;1;10;0;0;0;0;0;0;0;0;0;0;0;0;0;0;0;0;0;0;0;0;0;0;0;0;0;0;0;0;0;0;0;0;0;0;0;0;0;0;1;0;0;0;0;0;0;0;
seas-eval;115;18;124;0;0;0;0;0;0;0;0;0;0;0;33;13;13;3;0;4;2;13;6;0;0;0;0;0;1;6;3;7;0;1;10;2;0;0;0;4;0;2;0;0;0;0;0;0;0;1;0;0;0;0;0;0;0;0;0;0;0;0;0;0;0;0;0;0;0;0;0;0;0;0;0;0;0;0;0;0;0;
seas-op;56;10;60;0;0;0;0;0;0;0;0;0;0;0;20;5;5;5;0;0;0;5;0;0;0;0;0;0;1;7;1;0;0;1;10;0;0;0;0;0;0;0;0;0;0;0;0;0;0;0;0;0;0;0;0;0;0;0;0;0;0;0;0;0;0;0;0;0;0;0;0;0;0;0;0;0;0;0;0;0;0;
seas-qudt;33;9;36;0;0;0;0;0;0;0;0;0;0;0;15;0;2;2;0;0;2;0;0;0;0;0;0;0;1;2;1;0;0;1;10;0;0;0;0;0;0;0;0;0;0;0;0;0;0;0;0;0;0;0;0;0;0;0;0;0;0;0;0;0;0;0;0;0;0;0;0;0;0;0;0;0;0;0;0;0;0;
seas-stats;91;15;96;0;0;0;0;0;0;0;0;0;0;0;26;10;10;10;0;1;0;10;1;0;0;0;0;0;1;11;2;0;0;1;10;0;0;1;0;1;0;0;0;0;0;0;0;1;0;0;0;0;0;0;0;0;0;0;0;0;0;0;0;0;0;0;0;0;0;0;0;0;0;0;0;0;0;0;0;0;0;
seas-sys;165;25;171;0;4;4;0;0;0;0;0;0;0;0;34;15;15;10;0;9;0;15;9;0;0;0;0;0;1;7;1;9;0;1;10;8;0;3;0;2;1;5;0;0;0;0;0;1;2;2;0;0;0;0;0;0;0;0;0;0;0;0;0;0;0;0;0;0;0;0;0;0;0;1;0;0;0;0;0;0;2;
seasb;41;15;46;0;0;0;0;0;0;0;0;0;0;0;18;2;2;1;0;1;1;2;1;0;0;0;0;0;1;3;1;1;0;1;10;0;0;0;0;1;0;0;0;0;0;0;0;0;0;0;0;0;0;0;0;0;0;0;0;0;0;0;0;0;0;0;0;0;0;0;0;0;0;0;0;0;0;0;0;0;0;
seasbo;450;14;439;0;0;0;0;0;0;0;0;0;0;0;80;78;62;68;0;0;0;62;0;0;0;0;0;0;1;64;1;0;0;1;10;0;0;4;0;0;0;3;0;0;0;4;0;0;0;0;0;0;0;0;0;0;0;0;0;0;0;0;0;0;0;0;0;0;0;0;0;0;0;1;0;0;0;0;0;0;0;
seasd;207;21;210;0;30;30;0;0;0;0;0;0;0;0;26;11;11;15;0;4;0;11;4;0;0;0;0;0;1;9;1;4;0;1;10;0;4;12;0;0;0;0;4;0;0;0;0;0;12;0;0;0;0;0;0;0;0;0;0;0;0;0;0;0;0;0;0;0;0;0;0;0;0;1;0;0;0;0;0;0;9;
seasfo;106;21;110;0;12;12;0;0;0;0;0;0;0;0;20;5;5;7;0;2;0;5;2;0;0;0;0;0;1;5;1;2;0;1;10;0;2;6;0;0;0;0;2;0;0;0;0;0;6;0;0;0;0;0;0;0;0;0;0;0;0;0;0;0;0;0;0;0;0;0;0;0;0;1;0;0;0;0;0;0;3;
seast;159;21;165;0;2;2;0;0;0;0;0;0;0;0;37;19;19;10;0;4;6;19;4;0;0;0;0;0;1;11;3;8;0;1;10;1;0;2;0;3;0;0;0;0;0;0;0;0;2;0;0;0;0;0;0;0;0;0;0;0;0;0;0;0;0;0;0;0;0;0;0;0;0;0;0;0;0;0;0;0;1;
seasto;289;23;289;0;0;0;0;0;0;0;0;0;0;0;51;27;27;32;0;9;7;27;11;0;0;0;0;0;1;18;1;11;0;1;10;4;5;19;0;4;0;2;0;0;0;3;0;0;16;2;0;0;0;0;0;0;0;0;0;0;0;0;0;0;0;0;0;0;0;0;0;0;0;1;0;0;0;0;0;0;0;
sem;258;12;254;0;0;0;0;0;0;0;0;0;0;0;40;39;39;15;0;12;17;43;8;0;0;0;0;0;0;17;7;15;0;0;0;2;0;0;0;0;0;0;0;0;0;0;0;0;0;0;0;0;0;0;0;0;0;0;0;0;0;0;0;0;0;0;0;0;0;0;0;0;0;0;0;0;0;0;0;0;0;
semiotics;223;25;273;0;16;16;0;0;0;0;0;0;0;0;51;18;18;9;0;11;2;18;11;0;0;0;0;0;1;13;1;12;1;3;9;6;6;14;14;0;1;0;4;0;0;0;0;0;14;0;0;0;0;0;0;0;0;0;0;0;0;0;0;0;0;0;0;0;0;0;0;0;0;0;0;0;0;0;0;0;4;
seo;1426;31;1729;0;126;126;0;0;0;0;0;0;0;0;448;67;79;99;1;105;84;1;52;3;13;0;0;0;1;162;23;66;0;1;61;5;2;46;46;0;1;2;30;0;13;32;0;0;14;0;0;0;0;16;0;0;0;0;0;0;0;0;0;0;4;0;0;0;0;0;0;0;0;0;0;0;0;0;0;0;0;
seq;57;15;80;0;0;0;0;0;0;0;0;0;0;0;17;12;5;0;0;4;2;5;4;0;0;0;0;0;1;1;0;4;9;3;9;2;0;0;0;0;0;0;0;2;0;0;0;0;0;0;0;0;0;0;0;0;0;0;0;0;0;0;0;0;0;0;0;0;0;0;0;0;0;0;0;0;0;0;0;0;0;
service;5;1;2;0;0;0;0;0;0;0;0;0;0;0;2;0;0;0;0;0;0;0;0;0;0;0;0;0;0;0;0;0;0;0;0;0;0;0;0;0;0;0;0;0;0;0;0;0;0;0;0;0;0;0;0;0;0;0;0;0;0;0;0;0;0;0;0;0;0;0;0;0;0;0;0;0;0;0;0;0;0;
sh;1128;15;1199;108;6;6;0;0;7;0;0;0;0;0;222;184;183;55;0;77;0;221;54;44;1;23;0;0;8;0;0;0;0;0;0;0;0;0;0;0;0;0;0;0;0;0;0;0;0;0;0;0;0;0;0;0;0;0;0;0;0;0;0;0;0;0;0;0;0;0;0;0;0;0;0;0;0;0;0;0;0;
shoah;178;12;210;0;9;9;0;0;0;0;0;0;0;0;44;39;0;0;0;30;0;0;30;0;0;0;0;0;1;13;15;15;0;1;0;0;0;0;0;0;0;0;4;0;0;0;0;0;0;0;0;0;0;0;0;0;0;0;0;0;0;0;0;0;0;0;0;0;0;0;0;0;0;0;0;0;0;0;0;0;0;
shw;4547;41;5388;0;720;720;0;0;0;0;0;0;0;0;1041;4;92;22;169;23;17;0;26;0;144;0;0;0;1;341;5;27;2;1;3;4;102;447;447;25;0;2;15;0;20;0;0;7;312;3;0;121;0;214;1;1;1;7;0;0;0;6;0;0;0;0;0;0;3;3;0;144;144;0;0;0;0;0;0;1;0;
simu;431;28;500;0;26;26;0;0;0;0;0;0;0;0;86;42;41;26;0;24;30;37;24;0;0;0;0;0;1;28;0;30;0;1;15;12;0;10;10;1;0;4;8;0;1;0;0;0;7;0;0;0;0;1;0;0;0;3;2;0;0;3;0;0;0;0;0;0;0;0;0;0;0;0;0;0;0;0;0;0;1;
sio;15734;45;13327;0;385;385;0;0;0;0;0;0;0;0;2603;1796;5;1996;8;29;216;1803;30;0;3;0;0;0;1;1726;1;211;0;1;26;84;50;524;524;14;35;65;42;28;0;30;0;0;438;8;0;3;0;93;0;0;0;53;0;0;2;33;19;3;7;0;0;0;18;18;3;3;3;0;0;0;0;0;0;1;1;
sioc;669;22;793;0;0;0;0;0;0;0;0;0;0;0;126;100;97;7;4;62;18;97;61;0;0;0;0;0;1;14;27;66;1;15;0;43;1;0;0;0;1;36;0;2;0;0;0;0;0;0;0;0;0;0;0;0;0;0;0;0;0;0;0;0;0;0;13;1;0;0;0;0;0;0;0;0;0;0;0;0;0;
situ;42;17;58;0;0;0;0;0;0;0;0;0;0;0;16;5;3;1;0;2;0;4;2;0;0;0;0;0;1;2;0;2;3;3;10;1;0;1;1;0;0;0;0;0;0;0;0;0;0;0;0;0;1;0;0;0;0;0;0;0;0;0;0;0;0;0;0;0;0;0;0;0;0;0;0;0;0;0;0;0;0;
skos;252;24;274;28;2;2;0;0;1;0;0;0;0;0;70;35;13;1;1;6;24;32;5;0;0;0;0;0;1;5;1;17;0;0;10;8;0;0;0;1;4;3;1;3;0;0;0;0;0;0;0;0;0;0;0;0;0;0;0;0;0;0;0;0;0;0;0;0;0;0;0;0;0;0;0;0;0;0;0;0;0;
skosxl;60;18;61;5;0;0;0;0;0;0;0;0;0;0;14;6;5;1;4;4;0;6;2;0;0;0;0;0;1;1;1;4;0;0;0;0;0;1;1;0;1;3;0;0;0;0;0;1;0;0;0;0;0;0;0;0;0;0;0;0;0;0;0;0;0;0;0;0;0;0;0;0;0;0;0;0;0;0;0;0;0;
sosa;326;12;234;0;0;0;0;0;0;0;0;0;0;0;58;36;39;0;0;1;0;36;0;0;0;0;0;0;1;16;2;21;0;0;14;9;0;0;0;0;0;0;0;0;1;0;0;0;0;0;0;0;0;0;0;0;0;0;0;0;0;0;0;0;0;0;0;0;0;0;0;0;0;0;0;0;0;0;0;0;0;
sp;534;15;676;57;0;0;0;0;11;0;0;0;0;0;118;115;105;60;1;44;55;0;35;57;0;13;0;0;1;0;0;0;0;1;0;0;0;0;0;0;0;0;0;0;0;0;0;0;0;0;0;0;0;0;0;0;0;0;0;0;0;0;0;0;0;0;0;3;0;0;0;0;0;0;0;0;0;0;0;0;0;
spatial;138;12;155;0;0;0;0;0;0;0;0;0;0;0;35;18;18;0;0;15;15;0;15;0;0;0;0;0;1;1;0;16;0;0;0;4;0;0;0;0;8;0;0;9;0;0;0;0;0;0;0;0;0;0;0;0;0;0;0;0;0;0;0;0;0;0;0;0;0;0;0;0;0;0;0;0;0;0;0;0;0;
spfood;591;27;878;0;4;4;0;0;0;0;0;0;0;0;316;0;7;132;0;21;10;0;20;0;0;0;0;0;1;112;2;29;46;0;1;1;2;34;34;0;0;2;2;0;62;8;0;0;2;0;0;22;0;0;0;0;0;2;0;0;0;1;1;0;0;0;0;0;0;0;0;0;0;0;0;0;0;0;0;0;0;
spin;391;12;408;31;0;0;0;0;0;0;0;0;0;0;81;67;73;35;0;28;30;0;26;24;0;8;0;0;4;0;0;0;0;1;0;0;0;0;0;0;0;0;0;0;0;0;0;0;0;0;0;0;0;0;0;0;0;0;0;0;0;0;0;0;0;0;0;0;0;0;0;0;0;0;0;0;0;0;0;0;0;
sql;583;14;692;11;0;0;0;0;3;0;0;0;0;0;116;116;98;103;2;6;9;114;8;104;0;0;0;0;1;0;0;0;0;1;0;0;0;0;0;0;0;0;0;0;0;0;0;0;0;0;0;0;0;0;0;0;0;0;0;0;0;0;0;0;0;0;0;0;0;0;0;0;0;0;0;0;0;0;0;0;0;
ssn;520;24;597;0;8;8;0;0;0;0;0;0;0;0;119;21;22;80;1;0;1;57;0;0;0;0;0;0;1;11;0;16;0;1;11;13;0;73;73;2;0;0;0;0;1;48;0;12;0;1;0;0;13;0;0;0;0;0;0;0;0;0;0;0;0;0;0;0;0;0;0;0;0;0;0;0;0;0;0;0;4;
ssno;520;24;597;0;8;8;0;0;0;0;0;0;0;0;119;21;22;80;1;0;1;57;0;0;0;0;0;0;1;11;0;16;0;1;11;13;0;73;73;2;0;0;0;0;1;48;0;12;0;1;0;0;13;0;0;0;0;0;0;0;0;0;0;0;0;0;0;0;0;0;0;0;0;0;0;0;0;0;0;0;4;
sto;8397;33;5122;0;33;33;417;0;0;0;0;0;0;0;2390;507;365;52;385;45;26;26;42;0;3;0;0;1;1;69;21;31;1;2;17;1;6;12;12;1;3;0;2;1;598;0;1;0;0;0;0;12;0;0;6;0;0;0;0;0;0;0;0;0;0;0;0;0;0;0;0;0;0;0;0;0;0;0;0;0;0;
sur;285;15;349;0;0;0;0;0;0;0;0;0;0;0;88;50;50;29;0;21;0;0;21;0;0;0;0;0;1;36;13;18;3;1;10;0;0;0;0;0;0;3;0;0;5;0;0;0;0;0;0;0;0;0;0;0;0;0;0;0;0;0;0;0;0;0;0;0;0;0;0;0;0;0;0;0;0;0;0;0;0;
swp;39;7;48;6;0;0;0;0;0;0;0;0;0;0;9;9;9;0;0;6;0;0;6;3;0;0;0;0;0;0;0;0;0;0;0;0;0;0;0;0;0;0;0;0;0;0;0;0;0;0;0;0;0;0;0;0;0;0;0;0;0;0;0;0;0;0;0;0;0;0;0;0;0;0;0;0;0;0;0;0;0;
synsem;312;19;301;0;6;6;0;0;0;0;0;0;0;0;27;153;34;0;0;7;13;17;8;0;0;0;0;0;1;4;2;13;0;1;3;0;0;0;0;1;0;0;1;0;0;0;0;0;0;2;0;0;0;0;0;0;0;0;0;0;0;0;0;0;0;0;0;0;0;0;0;0;0;0;0;0;0;0;0;0;2;
tax;70;15;88;0;0;0;0;0;0;0;0;0;0;0;27;9;8;0;1;7;0;0;7;0;0;0;0;0;1;1;10;4;0;1;8;0;0;0;0;0;1;0;0;2;0;0;0;0;0;0;0;0;0;0;0;0;0;0;0;0;0;0;0;0;0;0;0;0;0;0;0;0;0;1;0;0;0;0;0;0;0;
taxon;395;16;477;0;0;0;0;0;0;0;0;0;0;0;99;73;54;41;12;18;5;72;4;0;0;0;0;0;1;62;14;18;0;1;2;1;0;0;0;0;0;0;0;0;0;0;0;0;0;0;0;0;0;0;0;0;0;0;0;0;0;0;0;0;0;0;0;0;0;0;0;0;0;0;0;0;0;0;0;0;0;
tb;1969;26;2192;0;98;98;0;0;0;0;0;0;0;0;521;199;202;125;0;65;16;197;65;0;0;0;0;0;1;131;17;48;0;1;8;24;0;5;5;0;0;35;0;2;281;0;0;0;0;0;5;0;0;0;0;0;0;0;0;0;0;0;0;0;0;0;0;0;21;21;0;0;0;0;0;0;0;0;0;0;1;
tddfa;287;25;302;0;8;8;0;0;0;0;0;0;0;0;67;29;33;16;0;0;4;25;0;0;0;0;0;0;1;8;3;18;0;1;14;9;0;16;16;3;0;0;0;0;0;0;0;0;15;3;0;0;0;0;0;0;0;1;0;0;0;1;0;0;0;0;0;0;1;1;0;0;0;1;0;0;0;0;0;0;0;
tddial;46;11;50;0;0;0;0;0;0;0;0;0;0;0;19;3;3;0;0;0;0;3;0;0;1;0;0;0;1;0;0;3;0;1;14;1;0;0;0;0;0;0;0;0;0;0;0;0;0;0;0;0;0;0;0;0;0;0;0;0;0;0;0;0;0;0;0;0;0;0;0;0;0;1;0;0;0;0;0;0;0;
tddm;712;19;680;0;0;0;0;0;0;0;0;0;0;0;130;77;84;91;0;0;10;77;0;0;1;0;0;0;1;59;3;15;0;1;14;2;0;37;37;0;0;3;0;0;0;0;0;0;37;0;0;0;0;0;0;0;0;0;0;0;0;0;0;0;0;0;0;0;0;0;0;0;0;1;0;0;0;0;0;0;0;
tddom;825;28;902;0;78;78;0;0;0;0;0;0;0;0;175;53;53;69;0;9;10;55;5;0;0;0;0;0;1;37;17;38;0;1;14;12;0;57;57;7;0;0;0;0;0;0;0;0;46;1;0;0;0;0;0;0;0;5;0;0;0;11;0;0;0;0;0;0;3;3;0;0;0;1;0;0;0;6;0;0;0;
tddt;303;26;304;0;18;18;0;0;4;0;0;0;0;0;62;28;28;22;0;2;2;28;0;0;3;0;0;0;1;14;9;5;0;1;14;0;0;11;11;0;0;2;0;1;0;0;0;0;5;0;0;0;0;0;2;0;0;0;0;0;0;6;0;0;0;0;0;0;0;0;0;0;0;1;0;0;0;6;0;0;0;
tddw;31;8;39;0;0;0;0;0;0;0;0;0;0;0;18;0;0;0;0;0;0;0;0;0;0;0;0;0;1;1;0;2;0;1;14;1;0;0;0;0;0;0;0;0;0;0;0;0;0;0;0;0;0;0;0;0;0;0;0;0;0;0;0;0;0;0;0;0;0;0;0;0;0;1;0;0;0;0;0;0;0;
te;312;23;401;0;17;17;0;0;0;0;0;0;0;0;96;0;1;36;1;41;7;0;41;0;0;0;0;0;1;17;20;28;0;0;0;7;0;20;20;2;0;2;5;1;0;0;0;1;0;0;19;0;0;0;1;0;0;0;0;0;0;0;0;0;0;0;0;0;0;0;0;0;0;0;0;0;0;0;0;0;0;
test;116;19;137;2;6;6;0;0;0;0;0;0;0;0;27;18;15;11;1;6;2;0;5;0;0;0;0;0;0;4;3;3;0;0;0;0;0;9;9;0;0;0;0;0;0;0;0;0;0;0;4;0;5;0;1;0;0;0;0;0;0;0;0;0;0;0;0;0;0;0;0;0;0;0;0;0;0;0;0;0;0;
tfo;363;29;386;1;19;19;0;0;5;0;0;0;0;0;56;42;43;20;2;25;4;31;27;0;4;3;0;4;1;13;5;21;0;0;0;2;1;5;0;10;0;0;8;0;0;5;0;0;0;0;0;0;0;0;0;0;0;0;5;0;0;0;0;0;0;0;0;0;0;0;0;4;1;0;0;0;0;0;0;0;0;
ti;52;15;66;0;0;0;0;0;0;0;0;0;0;0;17;7;6;2;0;0;2;5;3;0;0;0;0;0;1;1;3;0;0;3;10;0;0;2;2;0;0;0;0;0;0;0;0;0;0;0;2;0;0;0;0;0;0;0;0;0;0;0;0;0;0;0;0;0;0;0;0;0;0;0;0;0;0;0;0;0;0;
time;1296;34;998;0;11;11;0;0;0;0;0;0;0;0;159;175;159;69;4;55;13;0;55;0;3;0;0;0;1;23;25;33;2;0;0;14;0;54;54;1;0;1;4;1;0;10;0;21;0;0;18;5;0;0;0;0;0;0;4;0;0;0;0;0;0;0;2;2;0;0;0;3;3;1;0;0;0;0;2;0;0;
tio;471;20;529;0;18;18;0;0;0;0;0;0;0;0;71;53;53;15;1;32;2;52;32;0;0;0;0;0;1;27;11;21;0;1;6;0;0;0;0;0;0;106;8;1;0;0;0;0;0;0;0;0;0;0;0;0;0;0;0;0;0;0;0;0;0;0;0;0;0;0;0;0;0;0;0;0;0;0;0;0;0;
tis;73;18;94;0;0;0;0;0;0;0;0;0;0;0;26;6;3;3;0;4;4;6;4;0;0;0;0;0;1;4;0;6;3;3;13;2;0;2;2;0;0;0;0;0;0;0;0;0;0;0;0;0;2;0;0;0;0;0;0;0;0;0;0;0;0;0;0;0;0;0;0;0;0;0;0;0;0;0;0;0;0;
tl;654;26;747;0;54;54;0;0;0;0;0;0;0;0;153;50;51;32;0;22;15;0;12;0;0;0;0;0;1;47;28;18;1;0;1;0;11;46;46;9;0;10;9;0;0;0;16;30;14;0;0;2;0;15;0;0;0;0;0;0;0;0;0;0;0;0;0;0;0;0;0;0;0;0;0;0;0;0;0;0;0;
todo;74;15;77;0;0;0;0;0;0;0;0;0;0;0;19;4;4;8;0;0;0;4;0;0;0;0;0;0;1;2;0;4;0;1;0;2;0;8;8;2;0;0;0;0;0;0;0;0;8;2;0;0;0;0;0;0;0;0;0;0;0;0;0;0;0;0;0;0;0;0;0;0;0;0;0;0;0;0;0;0;0;
topo;3258;28;2330;0;50;50;0;0;38;0;0;0;0;0;966;255;224;47;0;52;13;100;52;0;7;0;0;0;1;65;32;23;0;1;31;0;1;18;18;0;0;0;4;0;254;0;0;0;3;0;0;15;0;2;7;0;0;0;0;0;0;0;0;0;0;0;0;0;0;0;0;0;0;1;0;0;0;0;0;0;0;
traffic;3325;30;2174;0;450;450;0;0;12;0;0;0;0;0;1084;1;3;21;0;17;16;1;13;0;4;0;0;0;1;25;20;2;1;1;16;1;0;2;2;5;0;0;0;0;15;0;0;1;1;1;0;0;0;0;4;0;0;0;0;0;2;0;0;2;0;0;0;0;0;0;0;0;0;0;0;0;0;0;0;0;0;
tsioc;226;9;265;0;0;0;0;0;0;0;0;0;0;0;42;38;38;37;30;0;0;38;0;0;0;0;0;0;2;39;0;0;1;0;0;0;0;0;0;0;0;0;0;0;0;0;0;0;0;0;0;0;0;0;0;0;0;0;0;0;0;0;0;0;0;0;0;0;0;0;0;0;0;0;0;0;0;0;0;0;0;
tsn;308;16;306;25;0;0;0;0;0;0;0;0;0;0;48;47;48;19;0;26;14;7;26;0;0;0;0;4;1;11;0;0;0;1;0;15;0;0;0;0;0;0;0;0;0;0;7;0;0;0;0;0;0;0;0;0;0;0;0;0;0;0;0;0;0;0;7;0;0;0;0;0;0;0;0;0;0;0;0;0;0;
tsnc;394;18;448;28;0;0;0;0;0;0;0;0;0;0;77;74;74;49;0;29;18;1;29;0;0;0;0;0;1;40;0;0;1;1;0;16;2;0;0;0;0;0;0;0;0;0;4;0;0;0;0;0;0;0;0;0;0;0;0;0;0;0;0;0;0;0;2;2;0;0;0;0;0;0;0;0;0;0;0;0;0;
txn;1658;24;1757;0;5;5;0;0;0;0;0;0;0;0;451;265;115;27;9;63;61;266;51;0;0;0;0;0;1;109;91;150;1;2;14;16;6;0;0;0;0;0;0;0;41;0;6;0;0;0;0;0;0;0;0;1;1;0;0;0;0;0;0;0;0;0;0;0;0;0;0;0;0;0;0;0;0;0;0;0;0;
tzont;114;18;148;0;0;0;0;0;0;0;0;0;0;0;39;0;1;18;1;11;3;0;7;0;0;0;0;0;1;10;5;8;0;0;0;0;0;14;14;0;0;0;0;1;0;3;1;0;0;0;9;0;2;0;0;0;0;0;0;0;0;0;0;0;0;0;0;0;0;0;0;0;0;0;0;0;0;0;0;0;0;
uby;1042;18;1291;0;0;0;0;0;0;0;0;0;0;0;390;218;28;57;0;30;58;202;1;0;0;0;0;0;1;53;34;29;0;28;3;0;8;0;0;0;0;0;0;0;134;0;2;0;0;0;0;0;0;0;0;0;0;0;15;0;0;0;0;0;0;0;0;0;0;0;0;0;0;0;0;0;0;0;0;0;0;
ui;710;18;550;52;74;74;0;0;2;0;0;0;0;0;126;75;18;30;0;19;0;24;15;17;1;0;0;0;0;0;12;4;0;0;0;0;0;0;0;0;0;0;0;0;0;0;0;0;0;0;0;0;0;0;0;0;0;0;0;0;0;0;0;0;0;0;0;0;0;0;0;1;1;0;0;5;0;0;0;0;0;
uiot;488;14;556;0;0;0;0;0;0;0;0;0;0;0;107;194;74;6;0;28;3;0;28;0;0;0;0;0;1;24;31;41;0;1;10;8;0;0;0;0;0;0;0;0;0;0;0;0;0;0;0;0;0;0;0;0;0;0;0;0;0;0;0;0;0;0;0;0;0;0;0;0;0;0;0;0;0;0;0;0;0;
uiote;520;20;581;0;10;10;0;0;0;0;0;0;0;0;84;130;126;9;0;48;13;0;48;0;0;0;0;0;1;18;20;30;0;1;0;8;0;5;5;0;0;0;0;0;5;0;0;0;0;0;0;5;0;5;0;0;0;0;0;0;0;0;0;0;0;0;0;0;0;0;0;0;0;0;0;0;0;0;0;0;0;
uiots;871;21;988;0;14;14;0;0;0;0;0;0;0;0;161;250;207;42;0;58;13;0;57;0;0;0;0;0;1;49;29;39;0;1;0;6;0;7;7;0;0;1;0;0;18;0;0;0;0;0;0;7;0;7;0;0;0;0;0;0;0;0;0;0;0;0;0;0;0;0;0;0;0;0;0;0;0;0;0;0;0;
uneskos;53;14;46;0;2;2;0;0;0;0;0;0;0;0;7;5;0;0;2;4;2;5;5;0;0;0;0;0;1;1;0;5;0;0;0;4;0;0;0;0;0;0;1;0;0;0;0;0;0;0;0;0;0;0;0;0;0;0;0;0;0;0;0;0;0;0;0;0;0;0;0;0;0;0;0;0;0;0;0;0;0;
uniprot;391;6;384;0;0;0;0;0;0;0;0;0;0;0;1;1;1;0;0;0;0;379;0;0;0;0;0;0;1;0;0;0;0;1;0;0;0;0;0;0;0;0;0;0;0;0;0;0;0;0;0;0;0;0;0;0;0;0;0;0;0;0;0;0;0;0;0;0;0;0;0;0;0;0;0;0;0;0;0;0;0;
usability;815;25;900;0;41;41;0;0;0;0;0;0;0;0;191;68;72;66;0;23;0;0;18;0;41;0;0;0;1;27;17;10;0;0;0;5;0;47;47;0;0;0;0;2;23;0;0;0;16;0;0;0;0;0;0;0;0;4;0;0;0;21;0;0;0;0;0;0;0;0;0;41;41;0;0;0;0;27;0;10;0;
vaem;564;19;558;0;0;0;0;0;0;0;0;0;0;0;107;75;0;37;1;34;6;144;0;0;0;2;0;0;2;8;21;12;4;0;18;0;0;29;29;0;0;0;0;0;0;9;0;2;0;0;18;0;0;0;0;0;0;0;0;0;0;0;0;0;0;0;0;0;0;0;0;0;0;0;0;0;0;0;0;0;0;
vartrans;347;22;338;0;9;9;0;0;0;0;0;0;0;0;32;161;35;10;0;6;5;15;7;0;0;0;0;0;1;9;0;11;0;0;1;0;0;5;5;3;1;0;2;0;0;0;0;0;0;0;0;0;0;0;0;0;0;5;0;0;0;5;0;0;0;0;0;0;0;0;0;0;0;0;0;0;0;0;0;0;1;
vcard;870;31;1055;0;37;37;0;0;0;0;0;0;0;0;185;147;117;52;1;28;1;146;1;0;2;0;0;0;1;75;33;51;0;1;0;0;6;23;23;0;0;6;4;0;0;0;18;0;11;0;7;0;3;11;0;0;0;1;24;0;0;0;2;0;0;0;0;0;0;0;0;0;0;0;0;0;0;1;0;0;0;
vgo;360;19;433;0;5;5;0;0;0;0;0;0;0;0;81;69;77;26;0;38;1;0;38;0;0;0;0;0;1;38;6;33;3;1;2;7;0;0;0;0;1;0;1;0;0;0;0;0;0;0;0;0;0;0;0;0;0;0;0;0;0;0;0;0;0;0;0;0;0;0;0;0;0;0;0;0;0;0;0;0;0;
vin;1839;34;1916;0;252;252;0;0;0;0;0;0;0;0;485;3;3;126;0;10;5;0;7;0;0;0;0;0;2;101;1;12;22;0;0;2;0;174;174;6;1;1;1;1;0;28;0;6;1;0;22;115;2;56;31;5;5;0;0;3;0;0;0;0;0;0;0;0;0;0;0;0;0;1;0;0;0;0;0;0;0;
vivo;6755;37;6424;0;277;277;0;0;0;0;0;0;0;0;1384;818;168;627;0;184;65;93;169;0;7;0;0;5;1;529;219;199;10;0;35;57;40;373;373;17;2;1;31;2;0;153;0;3;73;0;111;0;34;81;0;0;0;0;1;0;0;0;1;0;0;0;3;0;0;0;0;0;0;0;0;0;0;1;0;0;0;
vocals;93;15;92;0;0;0;0;0;0;0;0;0;0;0;18;9;12;7;11;3;1;9;3;0;0;0;0;0;1;11;0;4;0;1;0;0;1;0;0;0;0;0;0;0;1;0;0;0;0;0;0;0;0;0;0;0;0;0;0;0;0;0;0;0;0;0;0;0;0;0;0;0;0;0;0;0;0;0;0;0;0;
vs;27;6;18;3;0;0;0;0;0;0;0;0;0;0;4;3;4;0;0;0;0;3;0;0;0;0;0;0;1;0;0;0;0;0;0;0;0;0;0;0;0;0;0;0;0;0;0;0;0;0;0;0;0;0;0;0;0;0;0;0;0;0;0;0;0;0;0;0;0;0;0;0;0;0;0;0;0;0;0;0;0;
vso;693;18;765;0;37;37;0;0;0;0;0;0;0;0;103;86;86;28;65;45;45;85;45;0;0;0;0;0;1;39;10;35;0;1;6;0;0;0;0;0;0;0;11;0;0;0;0;0;0;0;0;0;0;0;0;0;0;0;0;0;0;0;0;0;0;0;0;0;0;0;0;0;0;0;0;0;0;0;0;0;0;
w3c-ssn;520;24;597;0;8;8;0;0;0;0;0;0;0;0;119;21;22;80;1;0;1;57;0;0;0;0;0;0;1;11;0;16;0;1;11;13;0;73;73;2;0;0;0;0;1;48;0;12;0;1;0;0;13;0;0;0;0;0;0;0;0;0;0;0;0;0;0;0;0;0;0;0;0;0;0;0;0;0;0;0;4;
wdrs;123;16;155;19;0;0;0;0;0;0;0;0;0;0;34;22;22;2;2;8;0;21;5;2;0;3;0;0;2;0;4;0;0;1;7;0;0;0;0;0;0;0;0;0;0;0;0;0;0;0;0;0;0;0;0;0;0;0;0;0;0;0;0;0;0;0;0;0;0;0;0;0;0;1;0;0;0;0;0;0;0;
wf-invoc;53;14;55;0;0;0;0;0;0;0;0;0;0;0;12;7;7;2;0;4;0;6;4;0;0;0;0;0;1;4;4;0;1;1;1;0;0;0;0;0;0;0;0;0;1;0;0;0;0;0;0;0;0;0;0;0;0;0;0;0;0;0;0;0;0;0;0;0;0;0;0;0;0;0;0;0;0;0;0;0;0;
wfdesc;69;15;88;0;2;2;0;0;0;0;0;0;0;0;19;0;18;4;0;8;5;0;8;0;0;0;0;0;1;9;0;8;0;1;1;0;1;0;0;0;0;0;1;0;0;0;0;0;0;0;0;0;0;0;0;0;0;0;0;0;0;0;0;0;0;0;0;0;0;0;0;0;0;0;0;0;0;0;0;0;0;
wfm;145;11;171;0;0;0;0;0;0;0;0;0;0;0;38;31;32;26;0;3;2;0;0;0;0;0;0;0;1;27;0;3;0;1;7;0;0;0;0;0;0;0;0;0;0;0;0;0;0;0;0;0;0;0;0;0;0;0;0;0;0;0;0;0;0;0;0;0;0;0;0;0;0;0;0;0;0;0;0;0;0;
wfont;445;18;459;0;0;0;0;0;0;0;0;0;0;0;78;86;54;57;27;1;0;54;0;0;0;0;0;0;1;54;0;2;0;1;10;0;0;10;10;0;0;0;0;0;1;0;0;0;7;0;0;0;0;0;0;0;0;3;0;0;0;3;0;0;0;0;0;0;0;0;0;0;0;0;0;0;0;0;0;0;0;
wfprov;63;11;72;0;0;0;0;0;0;0;0;0;0;0;12;0;12;2;18;7;1;0;7;0;0;0;0;0;1;4;0;7;0;1;0;0;0;0;0;0;0;0;0;0;0;0;0;0;0;0;0;0;0;0;0;0;0;0;0;0;0;0;0;0;0;0;0;0;0;0;0;0;0;0;0;0;0;0;0;0;0;
whois;162;15;176;0;0;0;0;0;0;0;0;0;0;0;29;21;48;3;1;7;14;20;5;0;0;0;0;0;1;5;7;12;2;1;0;0;0;0;0;0;0;0;0;0;0;0;0;0;0;0;0;0;0;0;0;0;0;0;0;0;0;0;0;0;0;0;0;0;0;0;0;0;0;0;0;0;0;0;0;0;0;
wi;164;20;152;12;6;6;0;0;0;0;0;0;0;0;34;14;14;2;0;5;8;16;10;2;0;0;0;0;1;4;0;12;0;1;0;1;0;0;0;1;0;0;2;0;0;0;0;0;0;0;0;0;0;0;0;0;0;0;0;0;0;0;0;0;0;0;0;0;0;0;0;0;0;0;0;0;0;0;0;0;1;
wl;43;12;40;3;0;0;0;0;0;0;0;0;0;0;9;7;0;2;1;0;1;6;1;5;0;0;0;0;2;0;0;0;0;1;0;0;0;0;0;0;0;0;0;0;0;0;0;0;0;0;0;0;0;0;0;0;0;0;2;0;0;0;0;0;0;0;0;0;0;0;0;0;0;0;0;0;0;0;0;0;0;
wo;91;21;95;6;0;0;0;0;0;0;0;0;0;0;23;8;8;2;0;6;6;8;6;2;0;0;0;0;1;2;4;2;1;1;0;0;1;1;1;5;0;0;0;0;0;0;0;1;0;0;0;0;0;0;0;0;0;0;0;0;0;0;0;0;0;0;0;0;0;0;0;0;0;0;0;0;0;0;0;0;0;
xapi;396;19;464;0;36;36;0;0;0;0;0;0;0;0;71;70;72;30;0;27;3;0;36;0;0;0;0;0;1;34;25;9;0;0;1;0;0;0;0;0;0;0;7;0;0;0;0;0;0;0;0;0;0;0;0;0;0;0;0;0;0;0;0;0;0;0;0;0;1;1;0;2;2;0;0;0;0;0;0;0;0;
